<?xml version="1.0" encoding="UTF-8"?>
<kml xmlns="http://www.opengis.net/kml/2.2" xmlns:gx="http://www.google.com/kml/ext/2.2" xmlns:xsi="http://www.w3.org/2001/XMLSchema-instance"
 xsi:schemaLocation="http://www.opengis.net/kml/2.2 http://schemas.opengis.net/kml/2.2.0/ogckml22.xsd http://www.google.com/kml/ext/2.2 http://code.google.com/apis/kml/schema/kml22gx.xsd">
<Document id="AOI">
  <name>AOI</name>
  <Snippet></Snippet>
  <Folder id="FeatureLayer0">
    <name>AOI</name>
    <Snippet></Snippet>
    <Placemark id="ID_00000">
      <name>Jaipur</name>
      <Snippet></Snippet>
      <description><![CDATA[<html xmlns:fo="http://www.w3.org/1999/XSL/Format" xmlns:msxsl="urn:schemas-microsoft-com:xslt">
<head>
<META http-equiv="Content-Type" content="text/html">
<meta http-equiv="content-type" content="text/html; charset=UTF-8">
</head>
<body style="margin:0px 0px 0px 0px;overflow:auto;background:#FFFFFF;">
<table style="font-family:Arial,Verdana,Times;font-size:12px;text-align:left;width:100%;border-collapse:collapse;padding:3px 3px 3px 3px">
<tr style="text-align:center;font-weight:bold;background:#9CBCE2">
<td>Jaipur</td>
</tr>
<tr>
<td>
<table style="font-family:Arial,Verdana,Times;font-size:12px;text-align:left;width:100%;border-spacing:0px; padding:3px 3px 3px 3px">
<tr>
<td>FID</td>
<td>0</td>
</tr>
<tr bgcolor="#D4E4F3">
<td>ULB_Name</td>
<td>Jaipur</td>
</tr>
<tr>
<td>SHAPE_Leng</td>
<td>359754.444093</td>
</tr>
<tr bgcolor="#D4E4F3">
<td>SHAPE_Area</td>
<td>2941432028.07</td>
</tr>
<tr>
<td>Area</td>
<td>2941.432028</td>
</tr>
</table>
</td>
</tr>
</table>
</body>
</html>
]]></description>
      <styleUrl>#PolyStyle00</styleUrl>
      <MultiGeometry>
        <Polygon>
          <extrude>0</extrude>          <altitudeMode>clampedToGround</altitudeMode>
          <outerBoundaryIs><LinearRing><coordinates> 75.94207688162781,27.2784302307814,0 75.94116974397993,27.27853647342347,0 75.93869768082065,27.27919157068376,0 75.93858923945582,27.27921913441355,0 75.93641909319281,27.27974739641142,0 75.9363783429575,27.27975715259953,0 75.93634133727771,27.27976573089706,0 75.93474953819677,27.28012896626665,0 75.93435762699723,27.28030595846254,0 75.93419923941775,27.28037442124656,0 75.93403827813157,27.28043791332582,0 75.93387494054646,27.28049635844492,0 75.93370942310676,27.28054968577209,0 75.93354192735498,27.28059782985891,0 75.93337265691596,27.2806407324659,0 75.9332018174967,27.28067834256263,0 75.93243084336397,27.28083539349855,0 75.93223706426042,27.28087131461342,0 75.93204185915302,27.28090042465905,0 75.93184552678555,27.28092268101499,0 75.93164837001189,27.28093804915982,0 75.93145069076675,27.28094650541292,0 75.93125279207858,27.28094803601833,0 75.93105497809178,27.28094263985297,0 75.93085755301858,27.28093032391973,0 75.93050061924146,27.28090176931939,0 75.9303011538746,27.28088223691606,0 75.93010271385954,27.2808556414847,0 75.92990561178404,27.28082202518599,0 75.92971016032503,27.28078144101476,0 75.92951666719677,27.28073395283361,0 75.92932543717875,27.28067963626203,0 75.92913677210029,27.28061857687105,0 75.92895096983017,27.28055087018976,0 75.92876832530148,27.28047662350398,0 75.92858912342449,27.28039595409782,0 75.92841365019962,27.28030898917962,0 75.92824217958342,27.28021586596915,0 75.92807498460165,27.28011673162375,0 75.92791232824899,27.28001174239578,0 75.92775446652728,27.27990106451516,0 75.92760164943324,27.27978487147439,0 75.92745411693967,27.27966334676332,0 75.92725424167777,27.27949202082219,0 75.92711214268809,27.27936527790573,0 75.92697579323796,27.27923358936536,0 75.92684540924435,27.27909716322624,0 75.92672119456462,27.27895621571838,0 75.92660334804626,27.27881096852147,0 75.92649205445662,27.27866165153311,0 75.92638748951966,27.27850850102986,0 75.92628981788788,27.27835175877775,0 75.92619919516307,27.27819167201876,0 75.92599933245602,27.27782046962745,0 75.92591608880291,27.27765767610528,0 75.92584013374923,27.27749206283355,0 75.92577158660748,27.27732388812561,0 75.92571055564201,27.27715341849188,0 75.92565713699179,27.27698092052199,0 75.92561141369765,27.27680666540499,0 75.92545439647302,27.2761499278254,0 75.9254208937264,27.27599690853734,0 75.92539332591146,27.27584294632305,0 75.9253717258554,27.2756882260341,0 75.92535611929812,27.27553293076276,0 75.92529818143964,27.27481796607676,0 75.92515849398311,27.27475450530366,0 75.92502113216693,27.2746871128585,0 75.92488623497331,27.27461585643852,0 75.92475393838241,27.2745408073722,0 75.92366069539338,27.27389993513677,0 75.92310220754018,27.27362068820808,0 75.9229305758068,27.27353086056977,0 75.92276303521437,27.27343506469623,0 75.9225998456448,27.27333344964823,0 75.92244125895456,27.27322617176237,0 75.92228752304551,27.27311339823518,0 75.92213887476319,27.27299530355876,0 75.92199554596574,27.27287207038337,0 75.92185775747727,27.27274389136274,0 75.92172572308412,27.27261096371106,0 75.92159964856931,27.27247349462571,0 75.92147972863722,27.27233169589087,0 75.92136614897873,27.27218578928033,0 75.92125908621176,27.27203599933578,0 75.92115870692321,27.27188255969213,0 75.92101594498863,27.27165412711829,0 75.92092286024439,27.27149807634417,0 75.92083668742542,27.27133888716903,0 75.92075755885138,27.2711768042849,0 75.92068559575662,27.27101207606712,0 75.92062090930818,27.27084495547021,0 75.92056359857803,27.27067569913853,0 75.92051375153864,27.27050456559398,0 75.9204714440902,27.27033181975613,0 75.92043674201433,27.27015772480459,0 75.92040969699302,27.26998254942712,0 75.92039035262555,27.26980656236348,0 75.92037873735714,27.26963003245185,0 75.92037486854261,27.2694532313105,0 75.92037488580657,27.26906775853609,0 75.92037817575198,27.26890507274528,0 75.92038802494899,27.26874259838598,0 75.92040442097365,27.26858054768694,0 75.92042734228829,27.26841913022769,0 75.92051941110151,27.26785271355201,0 75.91942484683672,27.26776851524191,0 75.9192320358512,27.26775034557428,0 75.91904014653014,27.26772557584774,0 75.91884946208504,27.26769424392712,0 75.9186602647831,27.26765639580977,0 75.91847283191379,27.26761208655477,0 75.91828743984399,27.26756138206179,0 75.91810436298555,27.26750435636953,0 75.91792386977636,27.2674410943903,0 75.91774622669881,27.26737168917536,0 75.917571695249,27.26729624193467,0 75.91740053195878,27.26721486474499,0 75.91723299140389,27.26712767782175,0 75.917069318115,27.2670348086693,0 75.9169097536784,27.26693639564521,0 75.91670856489374,27.26680705851156,0 75.91655359831326,27.26670343131212,0 75.91640320172144,27.26659456058155,0 75.916257594664,27.26648060829592,0 75.91611699369756,27.26636174186788,0 75.91598160736085,27.2662381368878,0 75.91585163312946,27.26610997533806,0 75.91572726349165,27.26597744735866,0 75.91560868390573,27.26584074855226,0 75.91549606673182,27.26570007912096,0 75.91538958036772,27.26555564922296,0 75.91528938007613,27.26540766910226,0 75.91519561514477,27.26525635987457,0 75.91510842375406,27.26510194363067,0 75.91502793402471,27.2649446479431,0 75.9149542640176,27.26478470586617,0 75.91476794447131,27.26476840314384,0 75.91458251455151,27.26474538325347,0 75.91216964634791,27.26440272955186,0 75.91198535010588,27.26437341651024,0 75.91180239640366,27.26433802161896,0 75.9097036333183,27.26389542637282,0 75.90964996879929,27.26388383169,0 75.90824312247727,27.26357258499747,0 75.90731096842322,27.26343942128027,0 75.90605674940858,27.26342188134475,0 75.90589145965726,27.26344460945208,0 75.90454448773632,27.26391759221325,0 75.90436933427584,27.2639757767976,0 75.90420618436517,27.26402415366581,0 75.90228526382879,27.26456147845576,0 75.90110472018813,27.26495067161109,0 75.90102846071561,27.26497519229054,0 75.90101526110858,27.26497931170943,0 75.89807415058029,27.26589306079307,0 75.89788576309692,27.26594791075567,0 75.89769511267848,27.26599611531883,0 75.89750249273621,27.26603760037029,0 75.89503057050879,27.26652341549169,0 75.89486131163119,27.26655397848869,0 75.89469098168884,27.26657935274094,0 75.89451978150635,27.26659950897492,0 75.89434790993913,27.2666144242499,0 75.8941755678996,27.2666240801268,0 75.89171986570456,27.26672402336667,0 75.891545490101,27.26672842406428,0 75.89137104829914,27.2667274408975,0 75.89119674945347,27.26672107524196,0 75.89102279973831,27.2667093348126,0 75.89084940739849,27.26669223363153,0 75.88984999351831,27.26657801578139,0 75.88965097807552,27.26655166023207,0 75.88945329356756,27.26651824356427,0 75.88925725664852,27.26647781793641,0 75.88906317598308,27.26643044729534,0 75.88887136033493,27.26637620822755,0 75.88868211448255,27.26631518456853,0 75.88849573827352,27.26624747553366,0 75.88831252857281,27.26617318667791,0 75.88813277426186,27.26609243624709,0 75.88795676127505,27.26600535334006,0 75.88778476853703,27.26591207522622,0 75.88761707000468,27.26581275004073,0 75.88745393162911,27.26570753590084,0 75.88729561134123,27.26559659910044,0 75.88714236007617,27.26548011590883,0 75.88699442176603,27.26535827166798,0 75.88649473362359,27.26492995631614,0 75.886376967497,27.26482564058131,0 75.88626309731023,27.26471792644674,0 75.88615324521322,27.26460693050749,0 75.88556920784137,27.26399691681807,0 75.8852991660179,27.26373436954206,0 75.88524729398969,27.26372124469415,0 75.88404595626312,27.26347842199967,0 75.88191259324205,27.26305448663745,0 75.88062747565833,27.26284030045486,0 75.88046538415937,27.26281082222345,0 75.88030445966085,27.26277661591214,0 75.88014487421343,27.26273771926139,0 75.87827455109142,27.26225229242533,0 75.87817554033181,27.26222560872158,0 75.8780968968011,27.26220299411222,0 75.87654466032905,27.26174407331094,0 75.87426532682844,27.26115364298808,0 75.87409238184928,27.2611058231381,0 75.87392146583929,27.26105249527448,0 75.87375279756083,27.2609937284541,0 75.87358659479999,27.26092959625475,0 75.87342307036815,27.2608601822165,0 75.87326243510408,27.26078557621209,0 75.8731048958465,27.26070587355652,0 75.87295065342076,27.26062117592244,0 75.87245095598861,27.26033563079498,0 75.87229043378393,27.26023999483702,0 75.87213411743996,27.26013894929428,0 75.8719822323789,27.26003264173225,0 75.87183500207023,27.25992122875688,0 75.8716926399144,27.25980487155119,0 75.87155535433568,27.25968374125999,0 75.87138403316327,27.25952669225999,0 75.87125576407178,27.2594046596336,0 75.87113264798873,27.25927846014669,0 75.87101485293843,27.25914826700074,0 75.87070212448298,27.25878919691355,0 75.86997066350889,27.25841905420395,0 75.86984815383249,27.25835501238298,0 75.86979629566012,27.25832663934296,0 75.86912982435904,27.25795705059105,0 75.86848137200647,27.25813039828141,0 75.86831870009938,27.25817124747528,0 75.8681545900434,27.25820721060595,0 75.86798922640745,27.25823824770464,0 75.86782279278613,27.25826432332319,0 75.8671660354933,27.25835712655906,0 75.86697112363824,27.25838120012932,0 75.86677531040704,27.25839847035076,0 75.8665788936294,27.25840891100045,0 75.8663821691994,27.25841250670224,0 75.86618543813198,27.25840925107761,0 75.8659889985028,27.25839914950386,0 75.86579314846432,27.25838221728987,0 75.86559818524236,27.25835848058512,0 75.8652912221383,27.25831564920257,0 75.86509302416465,27.25828441716142,0 75.86489637894871,27.2582461390831,0 75.86470160014305,27.25820087532664,0 75.86450899946927,27.25814869800064,0 75.86431888267725,27.25808969098821,0 75.86413155457454,27.25802394720743,0 75.8639473119902,27.2579515731687,0 75.8637664497864,27.25787268261804,0 75.8635892558495,27.25778740198459,0 75.86341601409232,27.25769586675087,0 75.86324699841421,27.25759822419824,0 75.86308247973673,27.25749462884961,0 75.86292272098794,27.257385247014,0 75.86276797504017,27.25727025138256,0 75.86181546367801,27.25733049645039,0 75.86162338575105,27.25733936328714,0 75.86143106949017,27.25734168807379,0 75.86123879268719,27.25733746639131,0 75.86104683625469,27.25732670553891,0 75.86046146526711,27.2572838741019,0 75.86026494616182,27.25726603002937,0 75.86006935827672,27.25724133247026,0 75.85987500094386,27.25720981931071,0 75.85968217052655,27.25717153658164,0 75.85949116249475,27.2571265456681,0 75.85930227033846,27.25707491338546,0 75.85911578158252,27.25701671922593,0 75.85893198179905,27.25695205172283,0 75.85875115159769,27.25688101117729,0 75.85857356861793,27.2568037060348,0 75.85839950449855,27.25672025290384,0 75.85822922491211,27.25663078106934,0 75.85806299053333,27.25653542707004,0 75.85790105604269,27.25643433651004,0 75.85774366809916,27.25632766316832,0 75.85759106839815,27.25621557259101,0 75.85744348956867,27.25609823399144,0 75.85730115927595,27.25597582834991,0 75.8571642920853,27.25584854124109,0 75.85703310062162,27.25571656908508,0 75.85690778339969,27.25558011290235,0 75.85679988474941,27.25545782274113,0 75.85668250720904,27.25531931540554,0 75.85657118183269,27.25517687277869,0 75.85646607387571,27.25503070691705,0 75.85636733750717,27.25488103355578,0 75.85627512088817,27.25472807568855,0 75.8561895590598,27.25457205819436,0 75.85611077904215,27.25441321412562,0 75.85603889876896,27.25425177749248,0 75.85597402409226,27.25408798779482,0 75.85576370026678,27.25352262067081,0 75.8557061303508,27.25335734534523,0 75.85565569302226,27.25319021905095,0 75.855612463866,27.25302148688701,0 75.85557650435193,27.25285139764885,0 75.85554786888515,27.25268020107681,0 75.85552659875259,27.25250814879587,0 75.85551272616355,27.25233549429092,0 75.85550627121286,27.25216249202258,0 75.85550724186729,27.25198939562162,0 75.85560018916337,27.24855608922852,0 75.85556578049838,27.24649753336264,0 75.85500667807671,27.24580173060641,0 75.85278025979915,27.24355756502573,0 75.85267041062872,27.24344303696986,0 75.85256490351797,27.24332529199606,0 75.85010933701976,27.24048890398565,0 75.84999415594584,27.240350468189,0 75.84988497776627,27.24020819970763,0 75.84978196260973,27.24006230522111,0 75.84968526055745,27.23991299869176,0 75.84959501161583,27.23976049775386,0 75.84951134977005,27.23960502549428,0 75.84943439590774,27.23944680959274,0 75.84936426284831,27.23928607958269,0 75.84930105336433,27.23912307228012,0 75.84924485810697,27.23895802457363,0 75.84919576069709,27.23879117881029,0 75.84915383262771,27.23862277650699,0 75.84911913534575,27.23845306646277,0 75.84909171916023,27.23828229393212,0 75.84907162331766,27.23811071055491,0 75.84905887795384,27.23793856531685,0 75.84903985864692,27.23757688613581,0 75.8490344532545,27.23740132633651,0 75.84903669297229,27.23722571205817,0 75.8490557526678,27.23667367748391,0 75.84906475565414,27.23650971487603,0 75.8490804223795,27.23634615241571,0 75.8491027322474,27.23618320779396,0 75.84913165656876,27.23602109694439,0 75.84916715551864,27.23586003225612,0 75.84920918323395,27.23570022886234,0 75.84925768472223,27.23554189653407,0 75.84931259388996,27.23538524601168,0 75.84937383955429,27.23523048264888,0 75.84944134044835,27.2350778136654,0 75.8495150071728,27.23492743910743,0 75.8498576720777,27.23426120040082,0 75.84993482331942,27.23411777567921,0 75.85001772748065,27.23397693945375,0 75.85010627484147,27.23383887474045,0 75.84962169756955,27.23256530174466,0 75.84937101502906,27.23198412012748,0 75.84825603199218,27.23021315139929,0 75.84824228310805,27.2301911682053,0 75.84819437568238,27.23011223194851,0 75.84636703504445,27.22702839101069,0 75.84629005947254,27.22689302580111,0 75.84621822158736,27.22675542132506,0 75.84615160235239,27.22661573598949,0 75.84609027665026,27.22647412552942,0 75.84603431436089,27.22633075202904,0 75.84538347849268,27.22456853587364,0 75.84388100520368,27.22200233402272,0 75.84379360722559,27.22184573809873,0 75.84371306453603,27.22168623181339,0 75.84363949907979,27.22152405367947,0 75.84357302173915,27.22135944859499,0 75.8435137323002,27.22119266332958,0 75.84346171946653,27.22102394832979,0 75.84341706086629,27.22085355862178,0 75.84337982503122,27.22068174838269,0 75.84335006639549,27.22050877729009,0 75.84332783130712,27.2203349041664,0 75.8433131510005,27.22016039243769,0 75.84330604961372,27.2199855019605,0 75.84330653617178,27.21981049719501,0 75.84331461161457,27.21963564174609,0 75.84333026272479,27.21946119659432,0 75.84335346519163,27.21928742459136,0 75.84338418561005,27.21911458773964,0 75.84342226475981,27.2189242324851,0 75.84346009394798,27.21875406565429,0 75.84350521043056,27.21858532465561,0 75.84355754637264,27.21841825815399,0 75.84361702585588,27.21825311395914,0 75.84368355979593,27.21809013454251,0 75.84375705000885,27.21792956062384,0 75.84383738719184,27.21777163118345,0 75.84392445492162,27.21761657802157,0 75.84401812161734,27.21746463122344,0 75.84411825160727,27.21731601367617,0 75.84422469507223,27.21717094654602,0 75.84433729608283,27.21702964381338,0 75.84445588655481,27.21689231411495,0 75.84458029331047,27.2167591597984,0 75.84471033101731,27.2166303778679,0 75.844845808233,27.21650615814223,0 75.84516941480307,27.21622063163471,0 75.84530432752763,27.21610590664835,0 75.84544387874648,27.21599570714032,0 75.84558788075935,27.21589018228461,0 75.84573613573713,27.21578947680276,0 75.84588844376567,27.21569372640157,0 75.84604459682139,27.21560306232338,0 75.84620438278284,27.21551760771087,0 75.84636758442102,27.21543747761321,0 75.84653397941952,27.21536278169444,0 75.84670334137074,27.21529362242182,0 75.84687544076489,27.21523009235174,0 75.8476368452453,27.21496360271834,0 75.84782466878033,27.21490167539673,0 75.84801508950898,27.21484645235778,0 75.84820781024851,27.21479802205576,0 75.84840252564467,27.21475646035711,0 75.84859893228246,27.21472183228471,0 75.84879671858857,27.21469419207924,0 75.84899557593805,27.21467358313184,0 75.84966179784126,27.21461647899845,0 75.84985429916546,27.2146032938727,0 75.85004722305325,27.21459669797362,0 75.85024028789448,27.21459670203541,0 75.86008446684708,27.21476483445094,0 75.86206649883943,27.21466711143176,0 75.86199402894869,27.21450824416995,0 75.8619283742616,27.21434702655364,0 75.86186962945338,27.21418369273115,0 75.86181787809746,27.21401847782104,0 75.86177319774194,27.21385162149188,0 75.86173565182524,27.21368336710922,0 75.86170529367341,27.21351395629427,0 75.86168216957817,27.21334363522434,0 75.86166631069162,27.21317265107158,0 75.86165774109719,27.21300125105051,0 75.86161565914622,27.21154015594121,0 75.86147004983121,27.21103994375361,0 75.86122545853709,27.21062320339847,0 75.86113698235508,27.21046499542999,0 75.86105550721759,27.21030381036957,0 75.85995151324049,27.20800045446295,0 75.85989264551242,27.20787222645718,0 75.85983820868925,27.20774244284215,0 75.85927359853102,27.20633076957727,0 75.85846167911234,27.20434797364262,0 75.85845487711517,27.20433126072379,0 75.85839012061872,27.20416058529163,0 75.8568102602509,27.19970598567267,0 75.8567952952718,27.19966304006913,0 75.85559618069627,27.19616042986433,0 75.85554188949567,27.19598994708712,0 75.85549512562362,27.19581769043478,0 75.85477188992793,27.19290520238276,0 75.85473978564762,27.19276552383102,0 75.8547077180134,27.19259634413434,0 75.85424245153497,27.1898226241406,0 75.85408620099139,27.18904119753388,0 75.85356170219289,27.18699711259577,0 75.85352753834347,27.1868532527357,0 75.85349863324421,27.18670847522975,0 75.85347501831404,27.18656293155676,0 75.85345671793245,27.18641677684889,0 75.85344375143809,27.18627016717127,0 75.85329156269297,27.18410009161112,0 75.85328358150373,27.18394192035485,0 75.85328180856224,27.18378359666539,0 75.85328624531896,27.18362531463167,0 75.8532968871676,27.18346726837867,0 75.85331372144026,27.18330965388521,0 75.85350414438463,27.18180584025446,0 75.85352967734723,27.18163383846636,0 75.85356258298728,27.1814628426301,0 75.85360281270364,27.18129310310627,0 75.85365030680634,27.18112487212747,0 75.85370499547813,27.18095839747299,0 75.85376679779272,27.18079392608595,0 75.85383562269702,27.18063170045631,0 75.85391136800884,27.18047195952977,0 75.85399392144008,27.18031494050716,0 75.85408316157898,27.18016087522749,0 75.85417895688083,27.18000999017409,0 75.85428116568873,27.179862509183,0 75.85438963621313,27.17971865073479,0 75.85450420854386,27.17957862703964,0 75.85462471263145,27.17944264404975,0 75.85475097233858,27.17931090324031,0 75.85488279936996,27.17918359984109,0 75.85501999931503,27.17906092099402,0 75.85516237066609,27.17894304937061,0 75.8553097007395,27.17883015778011,0 75.85546177377825,27.17872241273133,0 75.85570962841528,27.17855363678234,0 75.85594592381287,27.17835808776486,0 75.85608652156826,27.17824601465707,0 75.8562316969148,27.17813871082465,0 75.85638124709708,27.17803632644982,0 75.85653496424649,27.17793900271867,0 75.85789477281699,27.1771116720817,0 75.85720359907079,27.17633915283561,0 75.85708844875711,27.17620539595272,0 75.85697897224084,27.17606788214873,0 75.85687532138498,27.17592680370354,0 75.85677764101867,27.17578235745366,0 75.85668606893748,27.17563474479221,0 75.85660073289591,27.17548417439543,0 75.85555858708962,27.17355677560323,0 75.85547767474557,27.17339950410736,0 75.85540356587909,27.17323957391331,0 75.85533636924706,27.17307721909127,0 75.85527618253582,27.17291267829205,0 75.85522309538933,27.17274619472858,0 75.85517718535139,27.17257801349224,0 75.855138520887,27.17240838063155,0 75.8551071573727,27.17223754678778,0 75.85472178743632,27.16985331094293,0 75.85469923951568,27.16969379009778,0 75.85468305806539,27.16953365267717,0 75.85467326478494,27.16937310077397,0 75.85466987028474,27.16921233835331,0 75.85467288013527,27.169051570313,0 75.85468228980693,27.16889100070871,0 75.85469808769133,27.16873083183281,0 75.85472025311024,27.16857126783768,0 75.8547487593232,27.16841251200899,0 75.85479159822729,27.16819836189428,0 75.85482875330756,27.16803058694401,0 75.85487302769336,27.16786420040596,0 75.85492435757912,27.16769944280208,0 75.85498266805828,27.16753655472093,0 75.85504787510783,27.16737577229182,0 75.85511988357666,27.16721732809997,0 75.85519858921822,27.16706145297959,0 75.8552838776538,27.16690837240925,0 75.85537562541643,27.16675831101948,0 75.85547369786363,27.16661148357778,0 75.85544389820397,27.1664397274064,0 75.85542153559791,27.16626706913874,0 75.85540664226505,27.16609376768001,0 75.85539924033149,27.16592008199588,0 75.85539934181622,27.16574626930684,0 75.85540694563802,27.16557258962047,0 75.85542204061608,27.16539930210199,0 75.85544460345153,27.1652266650865,0 75.8554746017557,27.16505493606061,0 75.85551199102252,27.16488437168089,0 75.85555671359876,27.16471522507185,0 75.85560870476064,27.16454774849726,0 75.85566788564221,27.16438219250054,0 75.8557821112062,27.16408238425445,0 75.8557901700505,27.1640613996453,0 75.85583610044569,27.16395001893665,0 75.85567975428052,27.16356967557632,0 75.85561464870456,27.16340123302033,0 75.85555711559832,27.16323059924639,0 75.85550724582359,27.16305804634958,0 75.85546512118452,27.16288385009023,0 75.85543080633308,27.16270828723494,0 75.85530123215365,27.16272164929444,0 75.85517126578188,27.16273149459044,0 75.85504102525752,27.16273781518003,0 75.85416621887264,27.16340955218314,0 75.85411913087877,27.16344526392309,0 75.85404945266903,27.16349651548506,0 75.85327850035422,27.16405332655446,0 75.85312411065604,27.16416048108414,0 75.8529651990756,27.16426220924672,0 75.8528020026512,27.16435835701631,0 75.8526347665876,27.1644487820541,0 75.85246374117988,27.1645333474078,0 75.85228918285701,27.16461192601932,0 75.85211135519097,27.16468440071864,0 75.85193052283408,27.16475066335805,0 75.85174695756084,27.16481061296998,0 75.85156093427159,27.16486416120793,0 75.85137273296999,27.16491122691802,0 75.8511826357622,27.16495173976825,0 75.85099092684989,27.16498563934595,0 75.85079789454169,27.16501287424274,0 75.8506038272227,27.16503340298191,0 75.85040901741189,27.16504719670211,0 75.85021375666749,27.16505423286886,0 75.8500183376601,27.16505450248426,0 75.84982305311527,27.16504800377389,0 75.84962819685663,27.16503474669444,0 75.84943405976175,27.16501475205543,0 75.84924093478767,27.16498804878039,0 75.84904910994004,27.16495467846334,0 75.8488588732712,27.16491468901902,0 75.84869230568287,27.16487661627982,0 75.84850771295928,27.16483109608647,0 75.8483251867285,27.16477933487103,0 75.84814499302391,27.16472140596344,0 75.84796738989157,27.16465739447936,0 75.84779263543024,27.16458739275755,0 75.8476209807331,27.16451150130534,0 75.84745267594994,27.16442982966452,0 75.84728796120371,27.16434249646629,0 75.84712707666255,27.16424962666196,0 75.84697025449952,27.16415135608528,0 75.84681772087039,27.16404782602374,0 75.84666130214565,27.16399159424361,0 75.84650711681402,27.1639306290736,0 75.84635534205806,27.16386500167431,0 75.8462061540837,27.16379478772676,0 75.84605972812699,27.16372006833516,0 75.84591623241207,27.16364093186886,0 75.84574966630991,27.16354575017308,0 75.84559093663791,27.16345122160179,0 75.84543631257039,27.16335139676819,0 75.84528601622148,27.16324641698662,0 75.84514026170318,27.16313643355087,0 75.84499925710314,27.16302160230541,0 75.84486320351606,27.1629020890678,0 75.84473229599857,27.16277806240066,0 75.84460672058908,27.16264969994889,0 75.84448665731507,27.16251718571322,0 75.84437227715864,27.1623807091655,0 75.84426374305214,27.16224046343705,0 75.84416121092831,27.16209665072903,0 75.84406482664505,27.16194947601124,0 75.84397472801754,27.16179914881547,0 75.84389104381596,27.16164588414416,0 75.84381389375199,27.16148990066485,0 75.84374338646047,27.1613314207222,0 75.8429931772982,27.1595477509648,0 75.84292257239943,27.15951130913858,0 75.84281829039726,27.15945689205527,0 75.8427160997603,27.15939938926298,0 75.84261611400844,27.15933886418193,0 75.84244763459685,27.15932467117074,0 75.8422797959154,27.15930533999039,0 75.84211279192776,27.15928089204821,0 75.84194682069497,27.1592513568529,0 75.84178207324675,27.15921676847018,0 75.84161874166865,27.15917716727975,0 75.84088108271595,27.158986803766,0 75.84069103928289,27.15893410781367,0 75.84050346630481,27.15887475142367,0 75.84031865517744,27.15880882765232,0 75.84013689331151,27.15873643680341,0 75.8399584631773,27.15865769365617,0 75.83978364224369,27.15857271934051,0 75.83961270301853,27.15848164675332,0 75.83944590999374,27.15838461696556,0 75.83928352268639,27.15828178100949,0 75.83912579361335,27.15817329898792,0 75.83897296929361,27.15805933916528,0 75.83882528621818,27.15794007889442,0 75.83868297387087,27.15781570369563,0 75.83842123290343,27.1575777506168,0 75.83829182754332,27.15745563428172,0 75.83816760067153,27.15732928894984,0 75.83804872415568,27.1571988896509,0 75.83793536384583,27.15706461686732,0 75.83782767757634,27.15692665925442,0 75.83750076013665,27.15649074940924,0 75.83718588878351,27.15619686037642,0 75.83597825313724,27.15518681292781,0 75.835846176335,27.15507223662262,0 75.8357188571307,27.15495342939801,0 75.83559646422525,27.15483054824924,0 75.83547916133153,27.15470375832652,0 75.83536710309751,27.15457322754237,0 75.83387463771756,27.15276746366024,0 75.83368484377284,27.15271743682146,0 75.83349743716489,27.15266066258245,0 75.83331271833085,27.15259723125215,0 75.83305096913317,27.1525020492257,0 75.83287855722308,27.15243604445162,0 75.83270902872782,27.15236430953625,0 75.83254262260797,27.15228694779488,0 75.8323795707779,27.15220406529392,0 75.8322201032184,27.15211577984828,0 75.83202790412682,27.15208033051332,0 75.83183739167144,27.15203822281369,0 75.83164885397773,27.15198952004871,0 75.83146257621561,27.15193429546723,0 75.83127883858768,27.15187263318245,0 75.83109792136138,27.15180462633635,0 75.83092009781132,27.15173037804424,0 75.83074563521495,27.15164999958321,0 75.83057479992488,27.15156361397319,0 75.83040784825279,27.15147135151679,0 75.83024503354022,27.15137335066028,0 75.83008660214181,27.15126976072549,0 75.82993279339836,27.15116073829874,0 75.82978384065272,27.15104644812758,0 75.82963996822221,27.15092706313853,0 75.82950139442599,27.15080276441903,0 75.82936832853763,27.15067373852701,0 75.82924097182755,27.15054018199857,0 75.82911951752969,27.15040229683408,0 75.82859604466374,27.14978362149272,0 75.82849680031222,27.14966217253132,0 75.82840213472927,27.14953783283495,0 75.82831215387684,27.14941073991363,0 75.82822695869619,27.14928103491791,0 75.82814664107137,27.14914886266278,0 75.82541039213371,27.14446123519823,0 75.82539315604818,27.14443143718365,0 75.82315657370779,27.14052904783291,0 75.82309697353344,27.14042155671294,0 75.8230405874606,27.1403126862209,0 75.82108955424253,27.1364103045375,0 75.82101594747175,27.13625572366904,0 75.82094890672654,27.13609876975335,0 75.82088852645619,27.13593966704195,0 75.82083489304252,27.13577864073558,0 75.82078808179286,27.13561591971008,0 75.82074815996718,27.13545173649868,0 75.82071518472739,27.1352863227899,0 75.82054873749543,27.13525525391783,0 75.82038360072829,27.13521901685475,0 75.82021997556474,27.13517765466639,0 75.81960129349274,27.13501108669112,0 75.81941426704613,27.13495715702755,0 75.81922972832497,27.13489675224536,0 75.81904796055899,27.13482996368867,0 75.81886923696459,27.13475689359478,0 75.81869382879047,27.13467765143601,0 75.81852200433471,27.13459235753649,0 75.81835402187495,27.13450114221054,0 75.81819013772068,27.13440414300716,0 75.81803059916959,27.1343015074595,0 75.81787564954611,27.13419339215246,0 75.81772552413887,27.1340799591352,0 75.8175804492377,27.13396138224606,0 75.8174406461235,27.13383784076975,0 75.81730632603653,27.13370952127212,0 75.81717769322287,27.1335766202906,0 75.81705494186163,27.13343933803249,0 75.8169382601337,27.13329788286513,0 75.8168278231458,27.13315246955131,0 75.81672379999341,27.13300331920817,0 75.81662634668487,27.13285065754252,0 75.8165356132175,27.13269471661529,0 75.81645173447716,27.13253573218591,0 75.81637484034799,27.13237394636184,0 75.81630504559644,27.13220960404603,0 75.81625746135428,27.13209062861039,0 75.81619971580342,27.1319376825038,0 75.81614812085589,27.13178298622177,0 75.8161027414971,27.13162673800715,0 75.81607101253373,27.13150887014398,0 75.8157827279633,27.13121542635709,0 75.8137556020267,27.12978082575509,0 75.81355881793968,27.12976121810243,0 75.81336306484057,27.12973459855544,0 75.81316865485678,27.12970100954694,0 75.81297589918403,27.12966050435031,0 75.81278510405672,27.12961314800554,0 75.81242817207071,27.12951796596057,0 75.81224427450056,27.1294655151493,0 75.81206275848591,27.12940679669795,0 75.81188389105979,27.12934189754466,0 75.81170793527605,27.12927091277686,0 75.81153514920673,27.1291939465399,0 75.81136578695094,27.12911111203103,0 75.81120009661672,27.12902253151108,0 75.81103832333469,27.12892833448127,0 75.81088070220831,27.1288286595295,0 75.81072746738792,27.12872365337503,0 75.81057884298343,27.12861347001804,0 75.81043504710014,27.12849827071627,0 75.81026076961389,27.12856043682159,0 75.80790093405135,27.12944830352694,0 75.80772377899169,27.12951145538223,0 75.80754408307338,27.12956857203199,0 75.80404140080144,27.13061557706538,0 75.80386005386967,27.13066640515095,0 75.80367669724333,27.13071108567018,0 75.80349158881629,27.13074955665212,0 75.80330499257646,27.13078176150906,0 75.80275293684431,27.13086742648752,0 75.80255798486444,27.13089417652037,0 75.80236201227716,27.13091408715702,0 75.80216532060994,27.13092712958642,0 75.80196820943087,27.13093328313547,0 75.80177097940126,27.13093253886274,0 75.80157393225603,27.13092489685027,0 75.80137737082266,27.13091036891182,0 75.80118159397607,27.13088897862163,0 75.80098690064853,27.13086075768041,0 75.80079358984864,27.13082574862355,0 75.80060195562265,27.13078400575262,0 75.80041229208625,27.13073559330105,0 75.80022488836649,27.13068058365735,0 75.80004003065811,27.13061906277005,0 75.79985800318731,27.13055112382263,0 75.79970095402044,27.13048925629339,0 75.79965902937038,27.13047253612337,0 75.79954508509754,27.13042405869084,0 75.79912077712862,27.13047497561484,0 75.79893576306691,27.13049411131405,0 75.79875008478004,27.13050710976317,0 75.79856399644542,27.13051395326333,0 75.79837775230503,27.13051463314459,0 75.79819160665225,27.1305091479603,0 75.79800581586258,27.13049750528128,0 75.79782063435104,27.13047972081594,0 75.79763631356299,27.13045581841601,0 75.79745310804702,27.13042583275036,0 75.79727126834703,27.13038980302591,0 75.79709104205591,27.13034777930109,0 75.79691267681656,27.13029981885754,0 75.79682903287653,27.13032510675535,0 75.79674441705996,27.13034994601423,0 75.79325485656042,27.13134381860974,0 75.79077718208809,27.13233489391402,0 75.79075917375553,27.13234205967993,0 75.79065610046003,27.13238163622005,0 75.78964104318547,27.13275948191933,0 75.79068370696531,27.13538671844367,0 75.79344014947938,27.14074102541471,0 75.79523968863084,27.14383233150299,0 75.79531044165547,27.14395865617735,0 75.79537673994139,27.14408689920344,0 75.79543851902788,27.14421693727075,0 75.79691192085075,27.14745814022786,0 75.79749389124523,27.14823916535876,0 75.79836060139353,27.14933477390137,0 75.79968422407136,27.15035948704976,0 75.80078002920088,27.15120783475676,0 75.80130474641827,27.15158562509361,0 75.80145821540788,27.15170068121304,0 75.80160645991343,27.15182109435141,0 75.80174924847651,27.15194667355333,0 75.80188635463593,27.15207722151576,0 75.80201756296988,27.15221253274774,0 75.80214266708407,27.15235239448452,0 75.80226147061437,27.15249658577899,0 75.80237378421235,27.15264487932428,0 75.80247943363163,27.152797043213,0 75.80257825061314,27.15295283647537,0 75.80267007998171,27.15311201355229,0 75.80275477763443,27.1532743252097,0 75.8028322105084,27.15343951402459,0 75.80290225461428,27.15360732161851,0 75.80296480206205,27.15377748320054,0 75.80301975300702,27.15394973032161,0 75.80306702070259,27.15412379174837,0 75.80310653150686,27.15429939436573,0 75.80313822284518,27.15447626048026,0 75.80316204425191,27.15465411232801,0 75.80317795936965,27.15483266935465,0 75.80318594192578,27.15501165004411,0 75.80318597978233,27.15519077370087,0 75.80317807289856,27.15536975775333,0 75.8031622333507,27.15554832046192,0 75.80313844819149,27.15576247228353,0 75.80311488635935,27.15593914089072,0 75.80308356044867,27.1561148418993,0 75.80304451690934,27.15628930149432,0 75.80299781836548,27.15646224937823,0 75.8029435355292,27.15663341701156,0 75.80288175427171,27.15680253847537,0 75.80281257057115,27.1569693495974,0 75.80273608953583,27.15713359247167,0 75.80265243345235,27.15729501180134,0 75.80256172867894,27.15745335677943,0 75.80246411876544,27.15760838101375,0 75.80235975538345,27.15775984438454,0 75.80224879830712,27.15790751033631,0 75.80213142251006,27.15805115035128,0 75.80200780805394,27.15819054129894,0 75.80187814917152,27.15832546538433,0 75.80125949395634,27.15894414151105,0 75.80112925950326,27.15906951310482,0 75.80099380492675,27.15919037877575,0 75.80085332478107,27.15930656406344,0 75.80070802276455,27.15941790258044,0 75.79957947732083,27.16024998399963,0 75.79790029436927,27.16148805324086,0 75.79777133776307,27.16158000686644,0 75.79763764097353,27.1616690776393,0 75.79548934432151,27.16305149335157,0 75.79396860063336,27.16479695778554,0 75.79239312104052,27.1669494814479,0 75.79235304491695,27.16700338844254,0 75.79233986031611,27.16702076211988,0 75.79142924849056,27.16821473599468,0 75.79053480874048,27.16972850838999,0 75.79008454866568,27.17099229662833,0 75.78980719565412,27.17319208544616,0 75.78980635691219,27.17319869224971,0 75.78980542472903,27.1732059342386,0 75.78947241395218,27.17577576163541,0 75.78944692354421,27.17594455739126,0 75.78941432986704,27.17611237297016,0 75.78937467965703,27.17627896886623,0 75.78932802977076,27.17644410912678,0 75.78927444715373,27.1766075568386,0 75.78921400787537,27.17676908045284,0 75.78833369036158,27.17898200690227,0 75.78827593300048,27.17912001730116,0 75.78821316933443,27.17925626739232,0 75.78814546597049,27.179390613252,0 75.78807289456395,27.17952291092773,0 75.78683564122599,27.18168825846168,0 75.78675209183749,27.18182834038892,0 75.78666308611982,27.18196570750126,0 75.78656873391402,27.18210019035156,0 75.78646915113868,27.18223162216663,0 75.78636446081842,27.18235984154984,0 75.78625479406823,27.18248468886461,0 75.78504128562452,27.18381721994598,0 75.78491147189384,27.18395411294602,0 75.78477567477415,27.18408628163,0 75.78463410883983,27.1842135180422,0 75.78448699779811,27.18433562049537,0 75.7843345745019,27.18445239537647,0 75.78417707995907,27.18456365986055,0 75.78401476328837,27.18466923559175,0 75.78384788177608,27.1847689568081,0 75.78367669781602,27.18486266584492,0 75.78350148295991,27.18495021491779,0 75.7804556983474,27.18640173833773,0 75.78031422270088,27.18646662082547,0 75.77749388801391,27.18771024861605,0 75.7749917222544,27.18907323695453,0 75.77323914204662,27.19027683328135,0 75.77323271274268,27.19028116419797,0 75.77307669584471,27.19038419471604,0 75.77299996917822,27.19043120696569,0 75.77290990892867,27.19048609546391,0 75.7709301453973,27.19169281324664,0 75.77078228978787,27.19177953537851,0 75.7706311276872,27.19186157201083,0 75.77047684419142,27.19193882461472,0 75.77031962946489,27.19201119734232,0 75.77015967675204,27.19207860155189,0 75.76999718237106,27.19214095490489,0 75.76983234469802,27.19219818046896,0 75.76966536619214,27.19225020760966,0 75.76926084451647,27.19236918516948,0 75.76906938384587,27.19242175670171,0 75.76887574086236,27.1924674950107,0 75.76868022100719,27.19250632799501,0 75.76848313181671,27.19253819437672,0 75.76828478494119,27.19256304369045,0 75.76808549110294,27.19258083721384,0 75.76788556412809,27.19259154704267,0 75.76768532094624,27.19259515609092,0 75.76748507452956,27.19259165903224,0 75.76728514094698,27.19258106045578,0 75.76708583433461,27.19256337760209,0 75.76688746991181,27.19253863854096,0 75.76655433263888,27.19249104720129,0 75.76636927881738,27.19246144082515,0 75.76618558744633,27.19242569321942,0 75.76600351128616,27.19238385356399,0 75.7658233041674,27.19233598006217,0 75.76564521492701,27.19228213907077,0 75.76546949246207,27.19222240597539,0 75.76529637864439,27.19215686252064,0 75.76512611440212,27.19208560038796,0 75.76495893565689,27.19200871760673,0 75.76479507536736,27.19192632215406,0 75.76315812310969,27.19106691703394,0 75.76137677229754,27.19037735792809,0 75.75893468829038,27.18959319984061,0 75.75874890474033,27.18952982023074,0 75.75871785690231,27.18951849032267,0 75.75612076250017,27.1885616638429,0 75.75231164686521,27.18735170740404,0 75.75123943319808,27.18706391832051,0 75.75120010869739,27.18708847092351,0 75.75089077359648,27.18727883435264,0 75.75075510066696,27.18735947308829,0 75.7506165874678,27.18743615462302,0 75.75047537884417,27.18750879872762,0 75.75033162270134,27.18757732967092,0 75.74976053765707,27.18783907985406,0 75.74958392684353,27.18791618256403,0 75.74940409221419,27.18798707754663,0 75.74922130868828,27.18805165859662,0 75.74807913031413,27.1884323877637,0 75.74790865907603,27.18848612211669,0 75.74773614507504,27.18853436465156,0 75.74756181001111,27.18857705188607,0 75.74738587666136,27.18861413026384,0 75.74720857288763,27.18864555161921,0 75.74703012357848,27.18867127592856,0 75.74685075972249,27.18869126945637,0 75.74562043342438,27.18880844526402,0 75.74577967777186,27.18946653241939,0 75.74642106896185,27.19168815944813,0 75.74646734301985,27.19186269683516,0 75.74650582623141,27.19203874091054,0 75.74653645814455,27.19221601213811,0 75.74655918841341,27.1923942327323,0 75.7465739828078,27.19257311940368,0 75.74658081720435,27.19275239061333,0 75.74657968160079,27.19293176294022,0 75.74657057710587,27.19311095380559,0 75.74655351794048,27.19328967875398,0 75.74652853047071,27.1934676577779,0 75.74649565618256,27.19364460717683,0 75.74645494468749,27.19382025042807,0 75.74640646172711,27.19399430731057,0 75.74635028318819,27.19416650477045,0 75.74628649707995,27.1943365705909,0 75.74604857376821,27.19493144275553,0 75.74597941360899,27.19509437068579,0 75.74590327227266,27.19525478985851,0 75.74582026121449,27.19541246043063,0 75.74573050708381,27.19556714969988,0 75.74563414057064,27.19571862494181,0 75.74553130755938,27.19586666057282,0 75.74542216003061,27.19601103639315,0 75.74530686110921,27.19615153756016,0 75.74518558304523,27.19628795459902,0 75.74505850620444,27.19642008340836,0 75.74482056200137,27.19665803575332,0 75.74468487499598,27.19678845404992,0 75.74454353866115,27.19691398382419,0 75.74439677280684,27.19703442979235,0 75.74424480637468,27.19714960294193,0 75.7440878754549,27.19725932595904,0 75.74392622626689,27.1973634259905,0 75.74376010814613,27.19746174280627,0 75.74358978157284,27.19755412153457,0 75.74341551114658,27.19764041901884,0 75.74323756859705,27.1977205010936,0 75.74305622976108,27.19779424350323,0 75.7428717796125,27.1978615291672,0 75.74268450322943,27.19792225635299,0 75.74249469278945,27.19797632780581,0 75.74230264360284,27.19802366160302,0 75.74210865607165,27.19806418211605,0 75.74191303169894,27.19809782725386,0 75.74171607406822,27.19812454394389,0 75.74131154998679,27.19817213557653,0 75.74111736484136,27.19819157021254,0 75.74092248489544,27.19820426982959,0 75.74072720084168,27.1982102166381,0 75.74053180544013,27.19820940006141,0 75.74033659154048,27.19820182306588,0 75.73848626760811,27.19809787552658,0 75.73568439611834,27.19820647456558,0 75.73554597057036,27.19821013864044,0 75.73548643874679,27.19821066946982,0 75.72931540247863,27.19823304237327,0 75.72660393147766,27.19862630702314,0 75.72258947582471,27.19922964015475,0 75.72073298628399,27.19956924392469,0 75.7174090597601,27.20018654774352,0 75.71723663573243,27.20021578137922,0 75.71706317865926,27.20023963854321,0 75.71688889939168,27.20025808926367,0 75.7167140078295,27.20027111260258,0 75.71388233544951,27.20043768371417,0 75.71369294142474,27.20044563213321,0 75.71350334731481,27.20044721482071,0 75.71331381969957,27.20044243132167,0 75.71312462721255,27.20043128658876,0 75.71293603552725,27.20041379642471,0 75.71098480110024,27.20019963815542,0 75.7108030643389,27.20017668455494,0 75.710622381725,27.20014783825978,0 75.71044299080597,27.20011313869535,0 75.70863453309363,27.19973241141371,0 75.70845516087424,27.1996915295692,0 75.70827758533046,27.19964479553582,0 75.70810204616775,27.19959227130461,0 75.70792877809342,27.19953402701814,0 75.70775801486623,27.19947014275553,0 75.70758998622766,27.19940070222841,0 75.70687612748543,27.19909136211349,0 75.70670401892329,27.19901311085294,0 75.70653538239195,27.19892903239952,0 75.70637046503039,27.19883924829991,0 75.70620950899516,27.19874389096034,0 75.70605274840874,27.19864310005065,0 75.70590041339206,27.19853702158117,0 75.70575272706415,27.19842581243156,0 75.70560990449262,27.19830963403657,0 75.70547215575081,27.19818865688442,0 75.70533968186236,27.19806305782877,0 75.70521267682601,27.19793302098119,0 75.70509132558512,27.19779873591569,0 75.7049758070735,27.19766040036164,0 75.70486628913335,27.19751821481256,0 75.70476293158394,27.19737238882998,0 75.70466588719719,27.19722313562183,0 75.70457529665542,27.19707067297032,0 75.70449129258992,27.19691522321172,0 75.70406301533321,27.1960823974813,0 75.70400836339235,27.19597227192525,0 75.70395701820024,27.19586088117554,0 75.7027877688929,27.19322488314141,0 75.7019243548885,27.19216216889377,0 75.7018187696377,27.19202709040803,0 75.70171876884584,27.19188865437828,0 75.70162448592265,27.19174704702744,0 75.69964961148592,27.188653685931,0 75.69956603801884,27.18851737629507,0 75.69948776350383,27.18837857463418,0 75.69941487980856,27.18823744480788,0 75.69934747376846,27.18809415340877,0 75.69928562518456,27.18794887248097,0 75.69922940779374,27.18780177319547,0 75.69839668355216,27.18549366623692,0 75.69834312649546,27.18533534594775,0 75.69829609196738,27.18517537714694,0 75.69825564285924,27.18501397439367,0 75.69822183298686,27.1848513540971,0 75.69819470912111,27.18468773631183,0 75.69817430590682,27.18452333934632,0 75.69797610232774,27.18260654036267,0 75.69719685168442,27.18202208823243,0 75.69705739042001,27.18191353673724,0 75.69692246845006,27.18180049008377,0 75.6967922674249,27.18168310085786,0 75.6966669609335,27.18156152439401,0 75.69654671859165,27.18143592688015,0 75.69463976965162,27.17936852324106,0 75.6945748927936,27.17933770616327,0 75.69440243409633,27.17925187893803,0 75.69423385852629,27.17916008735226,0 75.69406942640451,27.17906247187043,0 75.693909385986,27.17895918114287,0 75.69375398457473,27.17885037375607,0 75.69235008615769,27.17782717443848,0 75.69223725292035,27.1777424566898,0 75.69212723242518,27.17765482969339,0 75.69202011901332,27.1775643679225,0 75.69147284178013,27.17708846220677,0 75.69134033167215,27.17696885186588,0 75.69121290193941,27.17684490459261,0 75.69109073030217,27.17671679376502,0 75.69097398642485,27.1765846964121,0 75.69086283194392,27.17644879772761,0 75.69075742244772,27.17630928474053,0 75.69065790449287,27.17616635355217,0 75.69056441656923,27.17602020210888,0 75.69047708912224,27.175871033813,0 75.69039604252863,27.17571905663007,0 75.68989194788487,27.17472654726974,0 75.6895819405848,27.17437777404265,0 75.68829319230942,27.17304376066458,0 75.68818126701919,27.17292376447633,0 75.68807405329871,27.17280037493284,0 75.6879716792383,27.17267374037848,0 75.68787426689217,27.17254401279829,0 75.68778193428608,27.17241134600254,0 75.68585463951041,27.16953213890858,0 75.6858185237223,27.16947730968997,0 75.68415296528443,27.16690743967236,0 75.68407074413311,27.16677553612301,0 75.68399350295603,27.16664124741799,0 75.683921327432,27.16650472210999,0 75.68385429923399,27.16636611418765,0 75.68379249195901,27.16622557767858,0 75.683735975193,27.1660832711436,0 75.68298289014493,27.16408143262019,0 75.68257234185735,27.16342755472066,0 75.6824808107513,27.1632750095278,0 75.68239588874414,27.16311943663094,0 75.68231770134771,27.16296106384047,0 75.68224636301311,27.16280012624232,0 75.68218197910001,27.16263685806311,0 75.68212464290384,27.16247150171256,0 75.68207444065861,27.16230430053663,0 75.68203144649057,27.16213549884206,0 75.68199572144208,27.1619653473178,0 75.68196731947822,27.16179409488056,0 75.68194628247353,27.161621994116,0 75.68193264119951,27.16144929766264,0 75.68192641635064,27.16127626091521,0 75.68192761548934,27.16110313752557,0 75.68193623710542,27.16093018299408,0 75.68195226958493,27.1607576510635,0 75.68197568920834,27.16058579643704,0 75.6820064601345,27.16041487207011,0 75.68204453843775,27.16024512915065,0 75.68208986706199,27.16007681712381,0 75.68214237986338,27.159910184575,0 75.68220199957014,27.15974547562878,0 75.68216518016048,27.15819611497189,0 75.68216489581262,27.15801708537168,0 75.68217254722674,27.15783818510954,0 75.68218812498549,27.15765969771023,0 75.6822116014833,27.15748190317438,0 75.68224294205059,27.1573050815357,0 75.6823619408971,27.15671021923127,0 75.6823998021757,27.15653991476139,0 75.68244495793479,27.15637103914946,0 75.68249734001459,27.15620384099096,0 75.68255687319201,27.15603856891474,0 75.68262346809442,27.15587546800624,0 75.68269702522575,27.15571477798251,0 75.68277743701263,27.15555673769613,0 75.6828645847494,27.15540158063638,0 75.6829583386038,27.15524953583191,0 75.68305855964658,27.15510082964662,0 75.68316509982417,27.15495568126593,0 75.68327780197527,27.1548143054051,0 75.68339649882172,27.15467691231433,0 75.68352101495961,27.15454370325509,0 75.68365116588856,27.15441487682467,0 75.68415085506497,27.15393899792655,0 75.68426774360825,27.15383128983053,0 75.68438861500599,27.15372715807576,0 75.68451333070222,27.15362672069216,0 75.68403638239987,27.15301346793847,0 75.68213233615019,27.15112785162941,0 75.68151817896082,27.15071840793654,0 75.68133372718926,27.15066165231243,0 75.68114942858918,27.15060133414281,0 75.68096789216655,27.15053465110887,0 75.68078939104073,27.1504617030099,0 75.6806141963816,27.15038260139234,0 75.68044257233598,27.1502974650602,0 75.68027478008617,27.15020642366659,0 75.67956092629811,27.1498019015823,0 75.67940239146451,27.14970827651736,0 75.67924790826355,27.1496093791524,0 75.67909769554613,27.14950535018161,0 75.67895196816197,27.14939633663876,0 75.67881092990614,27.14928249373682,0 75.67867478258533,27.14916398211559,0 75.67854371896445,27.14904096968133,0 75.67841792377581,27.1489136316018,0 75.67829757572108,27.14878214758801,0 75.67818284647855,27.1486467046074,0 75.67807389765926,27.14850749418998,0 75.67797088384008,27.14836471331642,0 75.6778739505508,27.14821856533047,0 75.67778323526711,27.14806925722566,0 75.67769886741071,27.14791699964517,0 75.67762096533279,27.14776200870201,0 75.67754964135456,27.14760450505169,0 75.67747826293065,27.14743794018288,0 75.67741182910628,27.14727344591178,0 75.67735256875201,27.14710677282723,0 75.67730057014033,27.14693817149203,0 75.67725591247037,27.14676789431738,0 75.67721866184247,27.14659619738793,0 75.6771888742695,27.14642333773872,0 75.67716659468431,27.14624957606839,0 75.67715185691814,27.14607517312797,0 75.67714468269186,27.14590038972577,0 75.67705008244946,27.1410171699104,0 75.67696854785817,27.13815900219517,0 75.67646358317336,27.13619706718969,0 75.67642191934726,27.13601841230932,0 75.6764015070584,27.13591438020827,0 75.67559267995924,27.13148855116658,0 75.67556434179681,27.13131207252053,0 75.67554384786585,27.13113472825249,0 75.67553123107479,27.13095679536938,0 75.67552650922339,27.13077855546362,0 75.67552969202805,27.13060028835952,0 75.67554077306099,27.13042227395783,0 75.67555973480086,27.13024479311412,0 75.67558654760248,27.13006812403259,0 75.67562116971871,27.1298925458772,0 75.67566354626469,27.12971833426265,0 75.67571361124149,27.12954576214747,0 75.67554735882943,27.12958707636739,0 75.67537960395029,27.12962320106677,0 75.67521054817607,27.1296540937417,0 75.67504039613382,27.12967971638851,0 75.67486935148034,27.12970003732877,0 75.67417928066715,27.12977142456073,0 75.67400304721521,27.12978685628994,0 75.67382631835045,27.12979674514048,0 75.67364930894033,27.12980107744003,0 75.67347223896252,27.12979985032662,0 75.67329532739657,27.12979306274965,0 75.67311878925629,27.1297807254152,0 75.67228594465661,27.12970933897415,0 75.67208781903609,27.12968881321864,0 75.67189075556988,27.12966129528186,0 75.67169506131073,27.1296268306449,0 75.67150104233905,27.12958547111484,0 75.67130900279682,27.12953728205173,0 75.67111924184404,27.12948233967476,0 75.6709320566749,27.12942072924204,0 75.67074773949564,27.12935254596788,0 75.67056657854977,27.12927789772618,0 75.67038885708712,27.12919690144405,0 75.66929427661876,27.12867340203228,0 75.66913065436164,27.12859161377805,0 75.66897054096694,27.1285044441353,0 75.66881415612055,27.12841201304548,0 75.66866171652728,27.12831444859019,0 75.66851343388214,27.12821188519517,0 75.66836951083424,27.12810446364951,0 75.66823014705675,27.1279923337849,0 75.66607190183339,27.12618980055843,0 75.66564331587897,27.12635672139242,0 75.66549045000728,27.12641360681453,0 75.66533557958732,27.12646597218356,0 75.66517887281815,27.12651376343044,0 75.66287071847833,27.12718003881527,0 75.66270174086698,27.12722590899434,0 75.66253107396392,27.12726645947316,0 75.66235892434523,27.1273016405194,0 75.66218550468444,27.1273314095954,0 75.66201102567524,27.12735573049347,0 75.65834651414308,27.12780784831717,0 75.65817497795632,27.12782633749022,0 75.65800283473492,27.12783955960783,0 75.65783028622093,27.12784750018035,0 75.65765753620107,27.1278501492235,0 75.65475447720876,27.12785015178096,0 75.65462940573806,27.12784876313407,0 75.65458030552482,27.12784745904143,0 75.6522721363247,27.12777607409009,0 75.65208667076207,27.1277672753622,0 75.65190169352596,27.12775237564889,0 75.65171745498512,27.12773139274873,0 75.65153420356309,27.12770435710992,0 75.65135218871791,27.12767130369119,0 75.65117165795154,27.12763227829531,0 75.65099285376176,27.12758733397196,0 75.65037417228999,27.12742076593298,0 75.65020806627274,27.12737322760681,0 75.65004389641102,27.12732058105451,0 75.64988185782907,27.12726288947898,0 75.64972214466178,27.12720021969968,0 75.64956494908725,27.12713264937973,0 75.64941045622444,27.12706025711835,0 75.6492588532608,27.12698313053403,0 75.6484498182065,27.12655481294828,0 75.64828447320252,27.12646338323933,0 75.64812318750685,27.12636632183142,0 75.64796620110374,27.12626377388597,0 75.64781374593397,27.12615589001906,0 75.6476660489581,27.12604283260692,0 75.64752333009157,27.12592476767003,0 75.64497729841962,27.12373560121329,0 75.64487819755939,27.12364800161474,0 75.64478183852907,27.12355798788085,0 75.64468829436113,27.12346562739272,0 75.64361752312139,27.12237860391381,0 75.6428809656187,27.12217348315135,0 75.64271512631743,27.12212446478796,0 75.64255128297104,27.12207033982737,0 75.64238963069046,27.12201117148334,0 75.64223036564576,27.12194703199373,0 75.64207367696876,27.1218779981434,0 75.64112454437584,27.12144139483448,0 75.6409371684306,27.12141871464747,0 75.64075088454499,27.12138971135789,0 75.64056595935473,27.12135442708854,0 75.64038265752296,27.12131291209776,0 75.64020124073628,27.12126522568703,0 75.64002196870825,27.12121143529328,0 75.63984509818575,27.12115161920202,0 75.63951196227754,27.12103264185879,0 75.6393329406731,27.12096510052676,0 75.63915695879365,27.12089144122565,0 75.63898427758649,27.12081177201939,0 75.63881515302366,27.12072621363496,0 75.63864983504159,27.12063489043907,0 75.63848857061389,27.12053793854932,0 75.63833159767718,27.12043550225051,0 75.63817915017555,27.12032773397159,0 75.63803145300574,27.12021479250294,0 75.63788872505904,27.12009684569082,0 75.63775118022009,27.11997406862713,0 75.63761902030429,27.11984664368138,0 75.63749244110623,27.11971475957029,0 75.63737163239973,27.11957861135769,0 75.6372567718946,27.11943840228737,0 75.63714803125941,27.11929433833897,0 75.63704557010914,27.11914663547744,0 75.63694954100365,27.11899551150502,0 75.63686008645186,27.11884119149166,0 75.63677733888629,27.11868390326088,0 75.63670142168733,27.11852388009355,0 75.6366324471658,27.11836136073689,0 75.63658486245724,27.11824238541173,0 75.6365209405291,27.11807193807291,0 75.63646465434846,27.11789934803523,0 75.63641609421994,27.11772488935369,0 75.63637533633195,27.11754883795183,0 75.63634244479002,27.11737147432078,0 75.6363174736093,27.11719307899622,0 75.63630045967304,27.11701393620137,0 75.63629143279127,27.11683432838463,0 75.63629040564263,27.11665454168186,0 75.63629737980264,27.11647486137516,0 75.63631234473505,27.11629557189727,0 75.63633527577946,27.11611695774359,0 75.63647530141847,27.11518956437299,0 75.63646324715201,27.11445226894695,0 75.63642775153872,27.11427918915375,0 75.63522917943382,27.11289485913714,0 75.63513408106437,27.11278138127374,0 75.63504301372612,27.11266528592298,0 75.63495606784336,27.11254668643829,0 75.63487332983425,27.11242570160806,0 75.6340881366479,27.11123594709028,0 75.63399481747943,27.1110882762647,0 75.63390776568531,27.11093757072552,0 75.63382710352416,27.11078404570514,0 75.63231162424286,27.10775285153395,0 75.63217222386443,27.10755654452986,0 75.6307365169681,27.10718840608374,0 75.63054972797178,27.10713698511041,0 75.63036530612408,27.10707912794159,0 75.62915174121997,27.10667460498459,0 75.62896901145574,27.10661004040773,0 75.62878923069533,27.10653915623796,0 75.62861266993286,27.10646206051415,0 75.62843959819792,27.10637887121612,0 75.62827027849991,27.10628971267141,0 75.62810496584072,27.10619472098091,0 75.62794391324705,27.10609404038061,0 75.62778736370004,27.1059878232775,0 75.62763555518406,27.10587623112972,0 75.62748871765031,27.10575943265442,0 75.6273470740406,27.10563760653149,0 75.62721083924825,27.1055109359912,0 75.62708022014837,27.10537961423081,0 75.62695541355008,27.10524383900675,0 75.62683661127061,27.1051038180287,0 75.62672399102104,27.10495976268046,0 75.6266177255107,27.1048118924933,0 75.62651797435174,27.10466043066784,0 75.62642489013203,27.10450560765815,0 75.62633861335137,27.10434765758298,0 75.62625927445419,27.10418682092501,0 75.62540272962926,27.10235460706341,0 75.62534589216757,27.10222765612477,0 75.62529337732401,27.1020992224618,0 75.62474615365622,27.1006953217798,0 75.6247303629079,27.10065417576711,0 75.6239214261839,27.09851263194258,0 75.62386632622642,27.09835760765834,0 75.62381750368176,27.09820090694188,0 75.62377502219779,27.09804273355368,0 75.62373893736135,27.09788329309497,0 75.62338209161456,27.09614627294446,0 75.62334977934214,27.0959692874277,0 75.6233253478505,27.09579129280789,0 75.62330883597961,27.095612569693,0 75.6233002674482,27.09543340056238,0 75.62329965790974,27.09525406883268,0 75.62330700788198,27.09507485708354,0 75.62332230476959,27.09489604795143,0 75.62334552487685,27.09471792321793,0 75.62337663240433,27.09454076471694,0 75.62341557641298,27.0943648525427,0 75.62346229787035,27.0941904623099,0 75.62351672060763,27.09401787151377,0 75.62357875934443,27.09384735136905,0 75.62364831769668,27.09367917133305,0 75.62372528312341,27.09351359732246,0 75.62380953699889,27.09335088896032,0 75.62390094354727,27.09319130504215,0 75.62399936089831,27.09303509626433,0 75.62410463203439,27.09288250977864,0 75.62421659183151,27.09273378554972,0 75.62433506303962,27.0925891590815,0 75.62445985928888,27.09244885779278,0 75.62459078208359,27.09231310464189,0 75.6247276268244,27.09218211268319,0 75.62487017576262,27.09205608780698,0 75.62501820507599,27.09193523141662,0 75.62517148078388,27.09181973141864,0 75.62532975981111,27.09170977214917,0 75.6255439083731,27.09156700942779,0 75.62570216612286,27.09146569430268,0 75.62586467272378,27.09136991872145,0 75.62603118487434,27.09127982459235,0 75.62620145620474,27.09119554571269,0 75.62637523222834,27.09111720688868,0 75.62655225439141,27.09104492662582,0 75.6267322600427,27.09097881171234,0 75.62691498042605,27.09091895903383,0 75.62710014474001,27.09086546006926,0 75.6272874760577,27.090818392784,0 75.62747669640518,27.09077782792685,0 75.62766752472875,27.09074382633076,0 75.6278596748674,27.09071643711635,0 75.62805286364694,27.09069570216985,0 75.62824680177677,27.09068165166969,0 75.6284412009252,27.09067430676345,0 75.62863577170201,27.09067367957681,0 75.62883022464155,27.09067976869516,0 75.62902427024798,27.0906925672887,0 75.63102293904478,27.09085912438693,0 75.63104808857302,27.09086127664515,0 75.6345695515176,27.0911705971652,0 75.63475906608804,27.09119048725009,0 75.63494760410022,27.09121677974093,0 75.63513489604864,27.09124943613511,0 75.6353206744034,27.09128841069997,0 75.63735622890057,27.09175195620929,0 75.63887161980915,27.0918866586567,0 75.63964722207039,27.09188666030144,0 75.64037535332828,27.09169249256497,0 75.64045926656368,27.09164321109244,0 75.64040502945478,27.09148204219534,0 75.64035754711226,27.09131917409727,0 75.64031688636594,27.09115483401017,0 75.64028310295937,27.09098925100118,0 75.64025624557951,27.09082265507157,0 75.64023634880135,27.09065527809148,0 75.64022344317486,27.09048735375407,0 75.64021754411444,27.09031911491766,0 75.64021866200119,27.09015079626803,0 75.64022679410356,27.08998263254972,0 75.64024192860195,27.08981485674198,0 75.64028953673169,27.08938655489692,0 75.64031294996369,27.08921092478837,0 75.64034403242118,27.08903624922134,0 75.64038273618067,27.08886279835125,0 75.64042900219897,27.08869083786893,0 75.64048275931519,27.0885206308108,0 75.64054392426634,27.08835244026735,0 75.64061240467753,27.08818652304989,0 75.64068809304119,27.08802313513487,0 75.64077087576428,27.08786252620589,0 75.64086062310251,27.08770494331091,0 75.64095720024028,27.08755062810338,0 75.64106045620608,27.08739981869851,0 75.64117023292457,27.08725274511806,0 75.64128636322522,27.08710963381352,0 75.64140866779604,27.08697070406896,0 75.64153695821969,27.08683616979283,0 75.64167103898059,27.08670623770336,0 75.64181070342534,27.08658110644425,0 75.64195573780754,27.08646096837201,0 75.64210591724807,27.08634600867166,0 75.64226101378874,27.0862364026117,0 75.6424207883438,27.08613231919219,0 75.64280149602958,27.08589438082287,0 75.64296225642278,27.08579796079865,0 75.64312703056274,27.08570713051755,0 75.64329557616178,27.08562202649643,0 75.64346764480597,27.08554277173879,0 75.6436429840237,27.08546948475351,0 75.6438213352271,27.08540227234189,0 75.64400243575494,27.08534123410241,0 75.64418601885176,27.08528645881967,0 75.64519429843448,27.08500473758939,0 75.64550050902537,27.08464183580969,0 75.64675595526995,27.08229975854853,0 75.64749929428042,27.08040031696663,0 75.64845531477235,27.07774243024,0 75.64845759008775,27.07773611990033,0 75.64916213731149,27.07578710463089,0 75.64990076766233,27.07365627614175,0 75.64886800371161,27.07307792106857,0 75.64870891184556,27.07298505019242,0 75.64855384099541,27.07288688272414,0 75.64840300980802,27.07278355670223,0 75.64825663294567,27.07267521921227,0 75.6481149170414,27.0725620245999,0 75.64797806471738,27.07244413174377,0 75.64784626856003,27.07232170859723,0 75.64771971615195,27.07219493035943,0 75.64759858702054,27.07206397497525,0 75.64748305367766,27.07192902854725,0 75.64737327858379,27.07179028354387,0 75.64726941917498,27.07164793606789,0 75.6467697475544,27.07093408216882,0 75.64666938815545,27.07078434210441,0 75.64657557407806,27.07063123867021,0 75.64648844579466,27.0704750014518,0 75.64640813270771,27.0703158645992,0 75.64633475516163,27.07015406591471,0 75.64612062104942,27.06965437121002,0 75.6460584356746,27.06950102817747,0 75.64600248107021,27.06934577321579,0 75.64595282997877,27.06918880913229,0 75.64590954608596,27.06903034238639,0 75.64587268802869,27.06887057855717,0 75.6458423013484,27.06870972599149,0 75.64581842858078,27.0685479966605,0 75.64580109812692,27.0683855998909,0 75.6456374105742,27.06649052766947,0 75.64562034807413,27.06632409309736,0 75.64552784915723,27.06613522488146,0 75.6455195717493,27.06612343596573,0 75.64472035575199,27.06662295160351,0 75.6445675454378,27.06671479049966,0 75.64441109263683,27.06680157569915,0 75.64425120645696,27.06688319067141,0 75.64408809908527,27.06695952790052,0 75.64392198777897,27.06703048436221,0 75.64375309489623,27.06709596694064,0 75.6435816448399,27.06715588702551,0 75.64340786609989,27.067210165017,0 75.64182682706269,27.06767517966568,0 75.63986487102206,27.06828245544285,0 75.63971084482678,27.06832766141652,0 75.63955527545451,27.06836841161298,0 75.63939832303105,27.06840466376939,0 75.63856754554426,27.06858385306922,0 75.63764643369029,27.06892500722188,0 75.63751993567421,27.06897007697262,0 75.63739212426397,27.06901207305178,0 75.63726309409054,27.06905096433116,0 75.6346308021338,27.06980907241568,0 75.63396323018682,27.07010037926502,0 75.63311439558471,27.070613223666,0 75.63295191874859,27.07070737501872,0 75.63278552514761,27.07079587591853,0 75.6326154601317,27.07087859433926,0 75.63244197314816,27.07095540907094,0 75.63001485652575,27.07197861520127,0 75.6298699897942,27.07203720519203,0 75.62972313229037,27.07209167897354,0 75.6295744289426,27.07214198081876,0 75.62942402875457,27.07218806220547,0 75.62742381742471,27.07276952281599,0 75.62409076862147,27.07380230476004,0 75.62393823406259,27.07384714571317,0 75.62378418255612,27.07388761636704,0 75.62362876921389,27.07392367720745,0 75.62347215218409,27.07395529051296,0 75.62092603434122,27.07443120268632,0 75.62075850031823,27.07445987737448,0 75.62058997805615,27.07448346432758,0 75.62042066105808,27.07450193470074,0 75.61965920285986,27.07457332234433,0 75.6194636629734,27.07458821639766,0 75.61926762362472,27.07459628797139,0 75.61907138129388,27.07459752492397,0 75.61887523453771,27.07459192594014,0 75.61867947994065,27.0745794978403,0 75.6184844131527,27.07456026099293,0 75.61829032987295,27.07453424479608,0 75.61809752584426,27.07450148677458,0 75.61790629083171,27.07446203802341,0 75.6177169156572,27.07441595866263,0 75.61752968715159,27.0743633169567,0 75.61734488817928,27.07430419382837,0 75.6171628006388,27.07423867833143,0 75.61698369740432,27.07416686949157,0 75.61680785241556,27.0740888771649,0 75.61663552956421,27.07400481847525,0 75.61607634337355,27.0737192727999,0 75.61595907422216,27.0736574983031,0 75.61586128579832,27.07360195632093,0 75.61458312758907,27.07401201316044,0 75.61441322366115,27.07406348684987,0 75.61424138276539,27.07410951847546,0 75.61406782144471,27.0741500502067,0 75.61389275929825,27.07418502961763,0 75.61371641799742,27.07421441420528,0 75.61353902024271,27.07423816507451,0 75.6132356270285,27.07427385881708,0 75.6130414189157,27.07429338043353,0 75.61284651028694,27.07430613098044,0 75.61265119456196,27.07431209202256,0 75.61245576823062,27.07431125323825,0 75.61226052583461,27.07430361695542,0 75.61206576195971,27.07428919362886,0 75.61187177226364,27.07426800544689,0 75.61167884842827,27.07424008545062,0 75.6114872821739,27.07420547390506,0 75.61129736428963,27.07416422552604,0 75.61110937954157,27.07411640047391,0 75.61092361377138,27.07406207154529,0 75.61074034682171,27.07400132149532,0 75.61055985555674,27.07393424212161,0 75.61038241385697,27.07386093336138,0 75.61020828760093,27.07378150782725,0 75.61003774169042,27.07369608445696,0 75.60987103301031,27.07360479215501,0 75.60970841345386,27.07350776977962,0 75.60963796047761,27.07346398330794,0 75.60955409482131,27.07341119875276,0 75.6094092290263,27.07331474187233,0 75.60926844765966,27.07321355351872,0 75.60913194410968,27.07310777280329,0 75.60899990474174,27.07299754609089,0 75.60892883969866,27.07293649908081,0 75.60889847519383,27.07290929587612,0 75.60875753583757,27.07278334964061,0 75.60862227961191,27.07265250614104,0 75.60849291739014,27.07251696942133,0 75.60836965403982,27.07237695257965,0 75.60825268135359,27.07223267599329,0 75.60814218409537,27.07208436638952,0 75.60803833393486,27.07193225416327,0 75.60794129654602,27.07177658056889,0 75.60785122146876,27.0716175878328,0 75.60776825022082,27.07145552724373,0 75.60769251525045,27.07129065193452,0 75.60762413290162,27.0711232214266,0 75.6075632114577,27.07095349708101,0 75.60750984713206,27.07078174662973,0 75.60746412202224,27.07060823876749,0 75.60731657327403,27.06999547894427,0 75.60663190882271,27.06715211862794,0 75.60660464657651,27.06703085553,0 75.60658252158471,27.06691690568948,0 75.60616621556267,27.0645969150121,0 75.60615521784014,27.06453267339538,0 75.60613179732142,27.06436777196613,0 75.6059237982758,27.06265118728509,0 75.60590992858856,27.06265162711843,0 75.60574498369955,27.06265444472011,0 75.60558002393239,27.06265242938771,0 75.60541522680842,27.06264558396812,0 75.60525076785143,27.06263391492898,0 75.60508682362746,27.06261743505398,0 75.60431346770015,27.06252820238919,0 75.60411978961568,27.06250242275937,0 75.6039273765338,27.06246992946349,0 75.60373651716445,27.06243077182513,0 75.60354750026954,27.06238500910014,0 75.60336061062903,27.06233271049405,0 75.60317613004911,27.06227395515758,0 75.60299433735241,27.06220883038102,0 75.60281550537655,27.06213743612109,0 75.60263990598239,27.06205987865975,0 75.60246780201048,27.06197627515254,0 75.60229945433513,27.0618867526956,0 75.6021351157992,27.06179144564297,0 75.60197503525734,27.06169049739487,0 75.60181945354222,27.06158406041486,0 75.60166860547635,27.06147229531828,0 75.60152271886375,27.06135537087647,0 75.60116579813521,27.06105792978795,0 75.60102324628097,27.06093435752046,0 75.60088623496772,27.06080585910951,0 75.6007549780298,27.06067263318156,0 75.60062967825397,27.06053488743869,0 75.60051052936733,27.06039283323286,0 75.60039771607573,27.06024669278841,0 75.60029141301241,27.06009669108093,0 75.60019178476671,27.05994306125393,0 75.6000989858603,27.05978604010471,0 75.60001315975806,27.05962587169986,0 75.59939079556003,27.05840327789181,0 75.59869689159189,27.05754796314897,0 75.59762653143332,27.05665597197439,0 75.59748686968703,27.05653500184189,0 75.59735251853756,27.05640930259793,0 75.59722367762561,27.05627906119722,0 75.5971005375518,27.05614447185563,0 75.59539451937651,27.05420468986932,0 75.59488762793636,27.05388907347643,0 75.59461838088598,27.05389748752779,0 75.59428183110492,27.05394556564318,0 75.59365254614434,27.05413064964611,0 75.59347640935312,27.05417927853405,0 75.5932984056857,27.05422211082005,0 75.5931187708197,27.05425908862536,0 75.59168150684903,27.05453027278435,0 75.58899310776691,27.0551811492807,0 75.58894788700461,27.05519189621816,0 75.58883806075167,27.05521633223443,0 75.58431692031904,27.05617410475459,0 75.58423051957698,27.05619169037959,0 75.58411449609541,27.0562130716374,0 75.58054517149071,27.05683175731937,0 75.58046324435816,27.05684532988894,0 75.58037233462558,27.05685892863428,0 75.57632709564494,27.05743002434527,0 75.57621864914327,27.05744425291281,0 75.57607338764167,27.05745995208643,0 75.56955340856287,27.05807863968868,0 75.56940220666364,27.05809092620702,0 75.56925065941658,27.05809913047962,0 75.56909890596245,27.0581032456225,0 75.56210124593876,27.05819845627115,0 75.56196017314454,27.05819856034051,0 75.56181915232477,27.0581951313009,0 75.56167829442815,27.05818817141781,0 75.55710383618174,27.05790453087689,0 75.5569206732176,27.05789016173835,0 75.5567367064255,27.05786962923378,0 75.55391931451129,27.05750793914938,0 75.55374215162991,27.05748230474321,0 75.55356611983859,27.05745104104813,0 75.55339144221777,27.05741418872053,0 75.55321834086517,27.05737179383874,0 75.55141507667788,27.05689909378722,0 75.54860974883351,27.05633803065786,0 75.5475358362329,27.05623196551358,0 75.54602886318102,27.05618720540575,0 75.54354615284002,27.05630959169716,0 75.5434542524761,27.05631334136515,0 75.53995154606116,27.05642756243147,0 75.53987170865061,27.05642959774393,0 75.53481900266621,27.05652248346149,0 75.52919492324708,27.05687631666422,0 75.52901310548819,27.05688480182371,0 75.52883106448189,27.05688740384752,0 75.52864903721203,27.05688411913551,0 75.52846726070062,27.05687495221403,0 75.52789616782853,27.05683687978216,0 75.52769691433345,27.05682002935867,0 75.52749856463603,27.05679611242694,0 75.52730143154642,27.05676516573672,0 75.52710582490356,27.05672723778741,0 75.52691205460418,27.05668238971946,0 75.52672042554383,27.056630691722,0 75.52653123863344,27.0565722248346,0 75.52634479281576,27.05650708093965,0 75.52616138204427,27.05643536367644,0 75.52598129425769,27.05635718483357,0 75.52580481543434,27.05627266884787,0 75.52563222150393,27.05618194832033,0 75.52546378541862,27.05608516669816,0 75.52529977209838,27.05598247558496,0 75.52514044146862,27.05587403743779,0 75.52498604239717,27.05576002288121,0 75.52483681975713,27.05564061158365,0 75.52469300736385,27.05551599138069,0 75.52455483403365,27.05538636005814,0 75.52442251549579,27.05525192086783,0 75.5242962604553,27.05511288521334,0 75.52417626858049,27.05496947356032,0 75.52406272846105,27.05482191002689,0 75.5239558196543,27.05467042869564,0 75.52385570963497,27.05451526820812,0 75.52370240050296,27.05426612693394,0 75.52361665357239,27.05412056224611,0 75.52353689007531,27.05397229563521,0 75.52346321578429,27.05382152534063,0 75.52339572941158,27.05366844962743,0 75.52333451961761,27.05351327402017,0 75.5232796669944,27.05335620407272,0 75.52323124709912,27.0531974471627,0 75.52318932139582,27.05303721613632,0 75.523153947314,27.05287572385405,0 75.52312517220283,27.05271318411583,0 75.52310303232724,27.05254981256759,0 75.52291274767397,27.05089370005891,0 75.52291153031604,27.05088297895302,0 75.52271072174057,27.04909324430562,0 75.5223985588412,27.04701766968393,0 75.52238413685409,27.04691244766987,0 75.52190005250803,27.04300113676503,0 75.52122930231933,27.03899421066048,0 75.52120495573728,27.03882768850402,0 75.52118754365795,27.03866047166158,0 75.52117708929475,27.03849279027235,0 75.52117360780324,27.03832487631002,0 75.5211736317935,27.03779187636059,0 75.52117742100603,27.03761705677745,0 75.52118876903548,27.03744249901009,0 75.52120765689601,27.0372684658517,0 75.52123405752825,27.03709521831851,0 75.52126793075858,27.03692301566849,0 75.52130922532412,27.03675211719952,0 75.52135787986862,27.03658277953727,0 75.5214138219304,27.03641525573618,0 75.52147696593866,27.03624979799534,0 75.52154721924619,27.036086654025,0 75.52162447407241,27.03592606888205,0 75.52170861656892,27.03576828313093,0 75.52179951875833,27.03561353377632,0 75.52189704457523,27.03546205243524,0 75.52200104887069,27.03531406804935,0 75.52221044786742,27.03502853876182,0 75.52232380201765,27.03488047521081,0 75.52244363964429,27.03473656491287,0 75.52256977123881,27.0345970351664,0 75.52270199920146,27.03446210697984,0 75.52284011177966,27.03433199238576,0 75.52298389317075,27.03420689891764,0 75.52313311340674,27.03408702242495,0 75.52328753846963,27.03397255425829,0 75.52344692320477,27.03386367497613,0 75.52361101637005,27.03376055613176,0 75.5237795576198,27.03366336209033,0 75.52395228050393,27.03357224460082,0 75.52412891249718,27.03348734911586,0 75.52430917396571,27.03340880937872,0 75.52449277918765,27.03333675012813,0 75.52468134575537,27.03326671164696,0 75.52476881910742,27.03313733464447,0 75.52486114322142,27.03301069043302,0 75.52495821391457,27.03288692474799,0 75.52505991791556,27.03276617974703,0 75.52516613790947,27.03264859489426,0 75.52527675252959,27.03253430515467,0 75.52548614677032,27.03232491778026,0 75.52561668729742,27.03219915512576,0 75.52575250236563,27.0320779554319,0 75.52589339317561,27.03196149457596,0 75.52603915486093,27.03184994394386,0 75.52618957243885,27.03174346683419,0 75.52634442685907,27.03164221843564,0 75.52650349097529,27.03154634674499,0 75.52666653357778,27.03145599255218,0 75.52683331434831,27.03137128855645,0 75.52700358989628,27.03129235663529,0 75.52700183529616,27.03124670242688,0 75.52699880914364,27.03108717504375,0 75.52700211629499,27.03092765283848,0 75.5270117516059,27.03076833535628,0 75.52702770390012,27.03060942577542,0 75.52704995291587,27.03045112459888,0 75.52707846931422,27.03029363145995,0 75.527113218712,27.03013714510714,0 75.5271541566412,27.02998186342317,0 75.52669536773857,27.02872196960991,0 75.52665126886522,27.02859450464967,0 75.52661139606751,27.02846592782474,0 75.52657578413471,27.02833635186283,0 75.5260809351131,27.02641372913875,0 75.52605124982405,27.02629056353761,0 75.52602541540104,27.02616670280328,0 75.52600345043616,27.02604224527737,0 75.52558477712152,27.02343433984567,0 75.52556296210597,27.02327948681981,0 75.52554713754434,27.02312405076733,0 75.52553732141909,27.02296821850999,0 75.52553352767167,27.02281217507827,0 75.52551504203233,27.01911938775929,0 75.52548865745882,27.01850232830074,0 75.52428150087054,27.01877721419646,0 75.52146757685993,27.01948535723137,0 75.52137197051599,27.01950851053771,0 75.52136599509383,27.01950989774807,0 75.51955754016704,27.01992869990446,0 75.5193779258905,27.01996716330671,0 75.51919685787308,27.01999970834022,0 75.519014579886,27.02002628986178,0 75.51842445062604,27.02010243662535,0 75.51823045687368,27.02012403689312,0 75.51803567299689,27.02013888388575,0 75.51784039327683,27.02014695394656,0 75.51764491104926,27.02014823696645,0 75.51744951967503,27.02014272825486,0 75.51725451460132,27.02013043846336,0 75.51706018727187,27.0201113845797,0 75.51686683221188,27.02008559622157,0 75.51667473894688,27.020053112055,0 75.51648419603467,27.02001397977941,0 75.51629549208967,27.01996825973527,0 75.51610890971369,27.01991602041203,0 75.51592472852398,27.0198573393399,0 75.51574322819369,27.01979230668989,0 75.5155646793462,27.01972101808447,0 75.51538935165645,27.01964358269336,0 75.51521750978557,27.01956011602556,0 75.51504941037311,27.01947074355172,0 75.51488530707701,27.01937560068552,0 75.51472544753298,27.01927482918334,0 75.51457007135882,27.01916858166574,0 75.51441941315792,27.01905701709206,0 75.51427369850343,27.01894030438644,0 75.51413314694592,27.01881861881526,0 75.51394278975423,27.01864729279818,0 75.51380641641288,27.0185196518831,0 75.5136757226127,27.01838732877215,0 75.51355091088468,27.01825052678318,0 75.51343217269684,27.01810945559431,0 75.51331968744634,27.01796433124741,0 75.51321362951576,27.01781537612225,0 75.51311416020488,27.01766281806303,0 75.5130214327708,27.01750689035983,0 75.51293558840027,27.01734783266605,0 75.51285675922554,27.01718588918164,0 75.51278506629627,27.01702130595188,0 75.51272061759235,27.01685433719438,0 75.51266351302732,27.01668523715525,0 75.51261384044106,27.01651426554061,0 75.5125716755837,27.01634168390528,0 75.51253708212396,27.01616775745832,0 75.512495609818,27.01593268888279,0 75.51221062988512,27.01465002435494,0 75.51217747721583,27.01448481934299,0 75.51215120590328,27.01431862416206,0 75.51213185123334,27.01415166891123,0 75.51211943942747,27.01398418552721,0 75.51211398863035,27.01381640326662,0 75.51209502552347,27.01219836884374,0 75.51209625833174,27.01204046906434,0 75.51210365562403,27.01188270396118,0 75.51211720918255,27.01172526767336,0 75.51213690271767,27.01156835256281,0 75.5121627108643,27.0114121501209,0 75.51235311175824,27.01038422888613,0 75.51238995211111,27.01020700432228,0 75.51243468034934,27.01003124253489,0 75.51248722614604,27.00985722455507,0 75.51254750505221,27.00968522875565,0 75.51261542052122,27.00951553264951,0 75.51269086287229,27.00934840657351,0 75.5127737113273,27.00918411819552,0 75.51286383501468,27.00902293160784,0 75.5129610869098,27.00886510464093,0 75.5130653129107,27.00871088973333,0 75.5131763447867,27.00856053486025,0 75.51329400520199,27.00841427990403,0 75.5134181067241,27.00827236026929,0 75.51354844877976,27.00813500237988,0 75.51350644134882,27.00700995143678,0 75.51350371917521,27.00683144065257,0 75.51350888035086,27.00665297244947,0 75.51352191502708,27.00647482764531,0 75.51354280325964,27.00629728348203,0 75.51357151300974,27.00612061724445,0 75.51360799914045,27.00594510716671,0 75.5137222340172,27.00545018312317,0 75.51376219603645,27.00529129419346,0 75.51380856065389,27.00513380657428,0 75.5138612683176,27.00497792903238,0 75.51392025038103,27.00482386494983,0 75.51398542710787,27.00467181684562,0 75.51405671371556,27.00452198545086,0 75.51413401733524,27.00437456610841,0 75.51421723502074,27.00422975419739,0 75.51430625876357,27.00408773969789,0 75.51440097046178,27.00394870901499,0 75.51438500184329,27.00364503743378,0 75.51437958300528,27.00347510256499,0 75.51438132514934,27.00330510633387,0 75.51439022732026,27.0031352888988,0 75.51440627648455,27.0029658940725,0 75.51442945052159,27.00279716208851,0 75.51445971420861,27.00262933322712,0 75.51449702526423,27.00246264689056,0 75.5145413323247,27.0022973398047,0 75.5145925699169,27.00213364874599,0 75.5146506654892,27.00197180509875,0 75.51471553742458,27.0018120411824,0 75.51478709299225,27.00165458303631,0 75.51486522937617,27.00149965493017,0 75.51494983568695,27.00134747845403,0 75.51504079194174,27.0011982698135,0 75.51513796806476,27.00105224163915,0 75.51524122589902,27.00090960207646,0 75.51523655500174,27.00057694688899,0 75.51523673618785,27.00045173254521,0 75.51524079396101,27.00032657173469,0 75.51524872470897,27.0002015592684,0 75.51530586444099,26.99947820417149,0 75.51532235121418,26.99931211918268,0 75.51534572679407,26.99914669785607,0 75.51537595995282,26.99898217142934,0 75.51541300734837,26.9988187666694,0 75.5154568175726,26.9986567094688,0 75.51550733115973,26.99849622665157,0 75.51556447752584,26.99833753785886,0 75.51556296844585,26.99829901656993,0 75.51556133252554,26.9982494775084,0 75.51556018334661,26.99819108433744,0 75.51552224728006,26.99514537163478,0 75.51552325568345,26.9949916407248,0 75.51553010608149,26.99483803108578,0 75.51554279119043,26.99468471879731,0 75.51556129668435,26.99453188267251,0 75.51558560117468,26.99437969974403,0 75.51575569574597,26.99343023805133,0 75.5149664640478,26.9925658097502,0 75.51484614207196,26.99242870100686,0 75.51473182260054,26.99228753002468,0 75.51462367489191,26.99214250836713,0 75.51452186217932,26.9919938530365,0 75.51442653561597,26.99184178469023,0 75.51433783731501,26.99168653124104,0 75.51425590033318,26.99152832424547,0 75.5141808456558,26.99136740072063,0 75.51411278721956,26.99120399951424,0 75.51373210907683,26.99023316541052,0 75.51367158800289,26.99006880925703,0 75.51361814403656,26.98990249610464,0 75.51357185686327,26.98973446943781,0 75.51353279207442,26.98956497640273,0 75.51350100922564,26.98939426687516,0 75.5134765537626,26.98922259078122,0 75.51345946207643,26.98905020169028,0 75.51344975846018,26.98887735231187,0 75.5134474591484,26.98870429628661,0 75.51346581891373,26.98644012781341,0 75.51335454718826,26.98362338437886,0 75.51301744473952,26.98237309008121,0 75.51297956562496,26.98222116434861,0 75.51294755575479,26.98206815821028,0 75.51292145322239,26.98191425480836,0 75.51254422484139,26.97939866359938,0 75.51227835164131,26.97822547019186,0 75.51198469975591,26.97718889372398,0 75.5119559135311,26.97708181658555,0 75.51192744953168,26.97695863790287,0 75.51177466922201,26.97685620194387,0 75.51164840635408,26.97676871722561,0 75.51152530085577,26.97667769172789,0 75.5114054750785,26.97658321800758,0 75.51058693613798,26.97591695036438,0 75.5104409713028,26.97579328951587,0 75.51030062465622,26.97566451343948,0 75.5101661188142,26.97553082809681,0 75.51003766935591,26.97539244398926,0 75.50991547880227,26.97524958159684,0 75.50979974164211,26.9751024686512,0 75.50969064231279,26.97495133924012,0 75.50958835418865,26.97479643290807,0 75.50949303958922,26.97463799646177,0 75.50940485077483,26.97447628125804,0 75.50932392592435,26.97431154502372,0 75.50925039617256,26.97414404821898,0 75.509184376566,26.97397405948679,0 75.50903210654884,26.97355526915674,0 75.5089743924991,26.9733852412879,0 75.50892419216508,26.97321331106356,0 75.50888158429225,26.97303974274042,0 75.50884663454967,26.97286480603827,0 75.50881939652157,26.9726887725251,0 75.5087999127153,26.97251191561338,0 75.50878821454946,26.97233450785153,0 75.50878431733217,26.97215682455339,0 75.50878432493477,26.97199801732287,0 75.50865241092106,26.97160222418904,0 75.50859895210279,26.9714293702039,0 75.50855319892666,26.971254749524,0 75.50851522414514,26.97107863906726,0 75.50848508740616,26.97090131489474,0 75.50821866575794,26.96909291356485,0 75.50819720857793,26.96892231576122,0 75.5081830055306,26.96875110947088,0 75.50817607886138,26.96857954380065,0 75.50817643670092,26.96840786610149,0 75.50818408113818,26.96823632464786,0 75.50827932337187,26.96678961479091,0 75.50829366358538,26.96662381019818,0 75.50831480962472,26.96645859138785,0 75.5083427322386,26.96629418236763,0 75.50837739512333,26.96613080716981,0 75.50841874986898,26.96596868625792,0 75.50846674001015,26.9658080410266,0 75.50852130200937,26.96564908838086,0 75.50858236023157,26.96549204346283,0 75.50864983299785,26.9653371214357,0 75.50872362751933,26.96518453118211,0 75.50880364495549,26.96503447980017,0 75.5088897753683,26.96488717081605,0 75.5090991773337,26.96454453451926,0 75.50919591096798,26.96439326150327,0 75.50929909222403,26.96424544830172,0 75.50940856489879,26.96410131575883,0 75.50952416772593,26.96396107841676,0 75.509645727327,26.96382494544415,0 75.50977306223774,26.96369311971874,0 75.50990598290818,26.96356579782754,0 75.51004429069907,26.96344317097334,0 75.51018777987677,26.96332542045348,0 75.51033623562256,26.96321272308418,0 75.51048943703079,26.96310524577276,0 75.51064715511409,26.96300315003914,0 75.51080915580569,26.96290658749095,0 75.51134214481773,26.96260202647388,0 75.51150078200814,26.96251502651023,0 75.51166289379401,26.96243333241085,0 75.51182826105365,26.96235705691163,0 75.51199665655841,26.96228630194451,0 75.51216785306536,26.96222116583097,0 75.51285311653315,26.96197371060536,0 75.51298866494255,26.96192678708434,0 75.51311537173035,26.96188736031055,0 75.5130470040714,26.96035436034421,0 75.51297382052547,26.95997371792521,0 75.5127613188041,26.9593861438738,0 75.51270972789651,26.95923445784573,0 75.51266411488237,26.95908124141268,0 75.51262453399943,26.95892668488341,0 75.51259103645378,26.95877097677131,0 75.51256366239259,26.95861431104631,0 75.51254244591311,26.95845688079677,0 75.51252741305204,26.95829887913955,0 75.51245131445008,26.95728998425281,0 75.51244226264257,26.95712534569062,0 75.51243992502745,26.95696052021725,0 75.51244430358369,26.95679572902279,0 75.51245539322154,26.95663118971077,0 75.51247317879292,26.95646712353168,0 75.5124976370779,26.95630374905586,0 75.5127747919983,26.95467819074799,0 75.51287273309552,26.95400369552989,0 75.51278320208162,26.9529159413815,0 75.51256303754391,26.95105232124852,0 75.51200429557285,26.94823996259103,0 75.51197852847812,26.94809701660234,0 75.51196433207313,26.94800231004678,0 75.51173597580588,26.94634619603184,0 75.51171546069188,26.94616924419842,0 75.51170275843892,26.94599170335241,0 75.51169788940665,26.94581385149874,0 75.51170086085826,26.9456359666885,0 75.51171166695271,26.94545832521341,0 75.51173029278672,26.9452812042996,0 75.51175670834672,26.94510488122673,0 75.51179087151901,26.94492963060858,0 75.511832730113,26.94475572619143,0 75.51188221882705,26.94458343815652,0 75.51193925926106,26.94441303582869,0 75.51200376393386,26.94424478495321,0 75.51207563125081,26.94407894861705,0 75.51215474851789,26.94391578543224,0 75.51210397031112,26.94374550352571,0 75.5116007096083,26.94254405029905,0 75.51154694289241,26.94240923011423,0 75.51149797487948,26.94227294885833,0 75.51145385251597,26.94213534450159,0 75.51103485655032,26.94074484344908,0 75.51102292586863,26.94070451049213,0 75.51050903334186,26.93893417349461,0 75.51046614926528,26.93877458446952,0 75.51042976791908,26.93861370340499,0 75.51039993656916,26.9384517423041,0 75.51037669544959,26.93828891770879,0 75.51036007470422,26.93812544258523,0 75.51035009643402,26.93796153353916,0 75.5103467736778,26.93779740811106,0 75.51034682197285,26.93669211007044,0 75.51014439995988,26.93620046206632,0 75.51009004941427,26.93606151816141,0 75.51004078417006,26.93592105893179,0 75.50999665524965,26.93577923407103,0 75.50973019162886,26.93486551119482,0 75.50968568716023,26.93470024153811,0 75.50964815822275,26.93453358698324,0 75.50961765822939,26.93436578388893,0 75.5095942285128,26.93419707046228,0 75.50957790436509,26.93402768583403,0 75.5095687069839,26.93385787099048,0 75.50956665151465,26.93368786513305,0 75.50957173901675,26.93351791112435,0 75.50958396348661,26.93334824914289,0 75.50960330683743,26.93317912031262,0 75.50962974190938,26.93301076398347,0 75.50973294926321,26.93243258635426,0 75.50976748409559,26.93226054149109,0 75.50980942428707,26.93208982323325,0 75.50985870750486,26.93192068911109,0 75.50991525930603,26.9317533912807,0 75.50997899416933,26.93158818193713,0 75.51004981849292,26.93142530788661,0 75.51012762355984,26.93126501418345,0 75.51021229458743,26.93110754048596,0 75.51030370469204,26.93095312288408,0 75.51040171488515,26.93080199299663,0 75.51050618011701,26.93065437794958,0 75.51061694221789,26.93051049859594,0 75.51073383594989,26.93037057129966,0 75.51086907598982,26.9302150521395,0 75.51098881605155,26.93008259261285,0 75.51111405101491,26.92995427972544,0 75.51124460139982,26.9298302964882,0 75.51138028166108,26.92971082051697,0 75.51152089816587,26.92959602223421,0 75.51166624918962,26.92948606396635,0 75.51181612896528,26.92938110444339,0 75.51197032362184,26.92928129159092,0 75.51212861221582,26.92918676794363,0 75.51229076974902,26.92909766973162,0 75.51245656413028,26.92901412328002,0 75.51262576021659,26.9289362477031,0 75.51279811577588,26.92886415311319,0 75.51297338552813,26.92879794331477,0 75.51315131911836,26.92873771310321,0 75.51333166313114,26.92868354825769,0 75.51383561774817,26.92854161515457,0 75.51386463075905,26.92853387414882,0 75.51390885348646,26.92809478135292,0 75.5139140282495,26.92756414114693,0 75.51381899614344,26.92742100483962,0 75.51373020983151,26.92727468125023,0 75.51364780324838,26.92712539019791,0 75.5127341433907,26.92539311332546,0 75.51265585584646,26.92523709579729,0 75.51258422077559,26.92507853150589,0 75.51251933890055,26.92491764851625,0 75.51246130491083,26.92475467762302,0 75.51241020040868,26.92458985147329,0 75.51149661451319,26.9214108585867,0 75.51145339720992,26.92124803390992,0 75.5114169433479,26.9210838846111,0 75.51138730226479,26.92091863713192,0 75.5113645162472,26.92075251793865,0 75.51121213912562,26.9194377704485,0 75.5111988122857,26.91930322566147,0 75.51118998215041,26.91916838380199,0 75.51118565629498,26.91903336492245,0 75.51115310812706,26.91691163846638,0 75.51080095142751,26.91507039056277,0 75.51078072613642,26.91495582446871,0 75.51077687547569,26.91493157252363,0 75.51041529713527,26.91260920517635,0 75.51040870133878,26.91256526657147,0 75.51023684269194,26.91137622183865,0 75.51009452653257,26.91096819746667,0 75.50970738442621,26.90991726447949,0 75.50968455033676,26.90985370411199,0 75.50967127111913,26.90981517778235,0 75.50930963296968,26.90874916679717,0 75.50926205588802,26.90859972530123,0 75.50922024427634,26.908448904205,0 75.50918424826102,26.90829688209733,0 75.50915411092628,26.90814383939746,0 75.50912986729909,26.90798995655311,0 75.50911154738677,26.90783541764073,0 75.50909917111744,26.90768040496672,0 75.50905654449063,26.9069765674946,0 75.50900946287928,26.90683922768996,0 75.50896192873314,26.90669167374551,0 75.50893043087977,26.9065818119676,0 75.50839751088203,26.90462111691317,0 75.50836494464171,26.90449325055267,0 75.50833653599827,26.90436459095945,0 75.5083123075697,26.90423524459111,0 75.50822048865838,26.90369731349849,0 75.50819350882509,26.90360654948907,0 75.50811892260192,26.90346175230647,0 75.50752850815316,26.90248328709308,0 75.50749211676643,26.90242185155123,0 75.50654037767603,26.90078475152611,0 75.50645937080907,26.90063905638938,0 75.50638427608099,26.9004908373009,0 75.50631518999511,26.90034028623152,0 75.50625220504516,26.90018759968018,0 75.50561342218367,26.89854883690561,0 75.50543589701069,26.89848169519146,0 75.50526137210811,26.89840850153859,0 75.505090104761,26.89832936428277,0 75.50492234624626,26.89824439990794,0 75.50475834384669,26.89815373303891,0 75.5045983368229,26.89805749645574,0 75.50444256246288,26.89795583287763,0 75.50429124800633,26.89784889047753,0 75.50414461670228,26.89773682647171,0 75.5040028837772,26.89761980623125,0 75.5038662574339,26.89749800147264,0 75.50373493784858,26.89737159116412,0 75.50360168905931,26.89723833857138,0 75.5035136714086,26.89714792746275,0 75.50342925408907,26.89705644080831,0 75.50242037525295,26.89593330678447,0 75.50229992834289,26.89579371719805,0 75.50218565935583,26.89565001291094,0 75.50207774244926,26.89550241361496,0 75.50197634375006,26.89535114535015,0 75.50188161630784,26.89519643781406,0 75.50179370716759,26.89503852975363,0 75.50171274927449,26.89487765996531,0 75.50131302753752,26.89404007630846,0 75.50124752018019,26.89389599500342,0 75.50118758994447,26.89374997441213,0 75.50113330806983,26.89360218944249,0 75.50096200610007,26.89310725550372,0 75.50090928652988,26.89294415882611,0 75.50086344519973,26.89277939996232,0 75.50082454755572,26.89261321252608,0 75.50079264796663,26.89244583016948,0 75.50076779276073,26.89227749018354,0 75.50075001518349,26.89210843171038,0 75.50073934243426,26.89193889300971,0 75.50073578762708,26.89176911509865,0 75.5007358396719,26.89058890191715,0 75.50073590995261,26.88900893938362,0 75.50073599019132,26.88719335428556,0 75.50060515817441,26.88673100887433,0 75.50056298257074,26.88656958633755,0 75.500527446842,26.8864068834895,0 75.50049859724022,26.88624312046782,0 75.50047647397943,26.88607851833353,0 75.50046110620137,26.88591329908879,0 75.50041596265139,26.88529967556658,0 75.50041319076163,26.88529190729862,0 75.49997541659663,26.88403553695679,0 75.49992442277744,26.88387934940069,0 75.4998797403024,26.88372161457361,0 75.49984142744657,26.88356253902911,0 75.49980953341432,26.88340232754637,0 75.499784101388,26.88324118943935,0 75.49976516246713,26.88307933406388,0 75.49975274171364,26.88291697169919,0 75.49974685613823,26.88275431355492,0 75.49974751268314,26.88259157087549,0 75.4997735150271,26.88151444879624,0 75.49970523406314,26.88121281371705,0 75.49924370269703,26.87986101749297,0 75.4991897492893,26.87969119245689,0 75.49914324479367,26.87951960579804,0 75.49910425879111,26.87934651910605,0 75.49907285080899,26.87917219761643,0 75.49861611804252,26.87627875526006,0 75.49859397893805,26.87611768367453,0 75.49857831085024,26.87595600149453,0 75.49856913279643,26.87579391902058,0 75.49845505698717,26.87267206000075,0 75.49845245653023,26.8724957306576,0 75.49845753779705,26.87231944373981,0 75.49847029287896,26.87214347013147,0 75.49854325176901,26.87137045960656,0 75.49853632395399,26.87106504435732,0 75.49827802103873,26.86954353081188,0 75.49804492780184,26.86869843582821,0 75.49669410184954,26.86430764496644,0 75.49608672718975,26.86235239113653,0 75.49604058637924,26.86219260830312,0 75.49600098891277,26.86203141931703,0 75.49596798805079,26.86186903977991,0 75.49594162900345,26.86170568622369,0 75.49592194491218,26.86154157793034,0 75.49590896287788,26.86137693420211,0 75.49590270094514,26.86121197527495,0 75.49590316708785,26.86104692051638,0 75.49591036023192,26.86088199203322,0 75.49593159055519,26.86055049132277,0 75.49567300222694,26.860331676975,0 75.49556411922222,26.86023671602264,0 75.49547195061673,26.86015166305282,0 75.49474859593028,26.85946635959438,0 75.49463810393803,26.85935821188028,0 75.494531587712,26.85924690190617,0 75.4940556999581,26.85873292556552,0 75.49394164595226,26.85860509479181,0 75.49383283610625,26.85847363778615,0 75.49372941209897,26.85833872922018,0 75.49363151058182,26.85820054558868,0 75.49353926017066,26.85805926792849,0 75.49345278346297,26.85791508271437,0 75.49167815312774,26.85482299709657,0 75.48953133214793,26.85159340634108,0 75.48943654076922,26.85144443678761,0 75.48934812691347,26.8512923455824,0 75.48926621933042,26.85113734988099,0 75.48919093472773,26.85097967590859,0 75.48837246127732,26.8491712582,0 75.48831150151689,26.84902979110809,0 75.48825587410305,26.84888656757237,0 75.4882056421128,26.84874174809047,0 75.48816086159188,26.84859549679515,0 75.48812158456276,26.84844797873546,0 75.48781589161843,26.84720801063972,0 75.48717881107254,26.84526112103469,0 75.48714940987375,26.84516755600522,0 75.48713502412538,26.84511872652263,0 75.48648765464608,26.84287058939474,0 75.48611545987964,26.84183847221641,0 75.4860679299926,26.84169901721524,0 75.48602544719202,26.8415582573739,0 75.485778017844,26.84068260670711,0 75.48575247820487,26.84058794370707,0 75.48569176053442,26.84035178238408,0 75.48556159217857,26.8400914244114,0 75.48543266335661,26.8400894996019,0 75.4852526356261,26.84008391913225,0 75.485072945626,26.84007256257815,0 75.48489382492956,26.84005544359257,0 75.4847155011223,26.84003258487187,0 75.4845382038252,26.84000401452383,0 75.48282492752725,26.83969943288965,0 75.48264836553912,26.83966507663316,0 75.48247329237215,26.83962505775041,0 75.48229993270368,26.83957942604079,0 75.48212851125196,26.83952824123607,0 75.48195924873876,26.83947157030551,0 75.4817923628804,26.83940948384105,0 75.4816280694284,26.83934206417945,0 75.4814665801221,26.83926939728338,0 75.48130810270384,26.83919157635289,0 75.48010418175451,26.83857493134155,0 75.47842680635502,26.83801580471597,0 75.47700238727659,26.83777061871891,0 75.4710943499678,26.83780557063732,0 75.4666327886915,26.8378811923446,0 75.46651006506903,26.83788192754416,0 75.46638735761719,26.83787997747106,0 75.46355092768111,26.83780383332271,0 75.46335778633181,26.83779531193588,0 75.46316515237646,26.83778013994296,0 75.4629733097557,26.83775833898796,0 75.4627825434637,26.83772994245026,0 75.46259313449745,26.83769499094661,0 75.4624053618914,26.83765353774183,0 75.46221950369797,26.83760564242535,0 75.46203583399368,26.83755137724105,0 75.46185462486621,26.83749082076069,0 75.46167614241031,26.83742406331411,0 75.46150065073888,26.83735120336451,0 75.46132840997342,26.83727234841797,0 75.46115967423104,26.83718761502979,0 75.46099469162439,26.83709712880439,0 75.46083370727344,26.83700102257984,0 75.46067695727403,26.83689943825296,0 75.46052467373008,26.83679252676294,0 75.46037708272949,26.83668044538915,0 75.46001540172898,26.83639490147799,0 75.45987370775031,26.83627865714925,0 75.45973706021586,26.83615764811764,0 75.45844420132067,26.83496818595257,0 75.45742330406283,26.83416279820444,0 75.45684733069724,26.83392354405731,0 75.45667327412717,26.83384756119764,0 75.45650260367206,26.83376562906074,0 75.45633557345346,26.83367786872545,0 75.45617242856889,26.83358441032928,0 75.45601341212934,26.83348539123988,0 75.45585875822876,26.83338095968913,0 75.45397344510367,26.83205612504452,0 75.45194165932016,26.83093940580068,0 75.45114691982521,26.83059552828325,0 75.45098762040423,26.83077131100446,0 75.45086809633033,26.83089835026366,0 75.45074343952832,26.8310213555231,0 75.4506138184054,26.83114015920317,0 75.4504794084409,26.83125460002189,0 75.45034039319637,26.8313645238946,0 75.4501969602757,26.8314697803355,0 75.45004930436576,26.83157022786518,0 75.44989762520562,26.83166572950292,0 75.44772751971195,26.832979235108,0 75.44757107361467,26.83307018808158,0 75.44741097948895,26.83315587969087,0 75.44724745728878,26.83323619185589,0 75.44708073103145,26.83331101551315,0 75.44691102878335,26.83338024700439,0 75.44673858468325,26.83344379077883,0 75.44553929935641,26.83386259220303,0 75.44535442300379,26.83392344138137,0 75.44516703504715,26.83397775516292,0 75.4449774210097,26.83402544957601,0 75.44478587148727,26.83406645056595,0 75.44459268014956,26.83410069761284,0 75.44375507852202,26.83423395276369,0 75.44356788396352,26.83426048178317,0 75.44337970751104,26.83428066830027,0 75.44319081779771,26.83429448348054,0 75.44300148147947,26.83430190752576,0 75.44281196827066,26.83430293056105,0 75.44262254690739,26.83429754993896,0 75.442433485165,26.83428577475368,0 75.44224505185311,26.83426762132049,0 75.44205751480951,26.83424311498782,0 75.44187113889069,26.83421229104625,0 75.44035324518713,26.83393462819131,0 75.43786200395807,26.83351942374649,0 75.43740685523459,26.83347838791065,0 75.43724967548444,26.83367129779153,0 75.43723274335351,26.8336919553068,0 75.43713807585716,26.83380312237755,0 75.43616727091153,26.83490721852884,0 75.43604177314057,26.83504431629574,0 75.43591036810392,26.83517688532417,0 75.4357732573019,26.83530472002696,0 75.43563065434633,26.83542762290546,0 75.43548277791551,26.83554540457143,0 75.43532985678291,26.83565788282871,0 75.43517212680479,26.83576488448843,0 75.43500983292604,26.83586624355722,0 75.43484322415843,26.83596180396136,0 75.43387238435076,26.8364948214997,0 75.43371486934824,26.83657781280183,0 75.43355409967188,26.8366556215272,0 75.43339028730193,26.83672814408872,0 75.43322364928036,26.83679528410753,0 75.43305440469821,26.83685695422791,0 75.43288277569165,26.83691307340576,0 75.43134083463326,26.83738898390632,0 75.43117829445345,26.83743639587828,0 75.43101405250219,26.83747882903382,0 75.43084829983786,26.83751623403035,0 75.43068122552745,26.83754856694934,0 75.43051302470819,26.83757579198042,0 75.43034388951237,26.83759787693469,0 75.42819277425615,26.83784535093862,0 75.42803335284643,26.83786137801251,0 75.42787344320415,26.83787283788551,0 75.42771320734495,26.83787971923163,0 75.42755280931452,26.83788201523374,0 75.42363130184951,26.83788201763322,0 75.42345740263869,26.83787931865444,0 75.42328371186191,26.83787123053632,0 75.42311043590156,26.8378577625937,0 75.42293778216978,26.83783893045932,0 75.42276595709865,26.83781475699283,0 75.41994929985482,26.83737359853628,0 75.41784017390243,26.83730819765046,0 75.41380321752075,26.83718033491491,0 75.41241302273029,26.83722153111244,0 75.41240274502854,26.83722574315065,0 75.41153934426443,26.83768016916422,0 75.41137485814089,26.83776306211496,0 75.41120702424502,26.837840365029,0 75.41103607771788,26.83791197067304,0 75.41086225875461,26.83797777721714,0 75.41068581261715,26.83803769184633,0 75.41050698661812,26.83809163167222,0 75.41032603212055,26.83813952011585,0 75.41014320354097,26.83818128961926,0 75.40995875734274,26.83821688164836,0 75.40977295404552,26.83824624578442,0 75.40958605420593,26.8382693415414,0 75.40939832142995,26.83828613655159,0 75.4092100173406,26.83829660658013,0 75.40902140862612,26.83830073640757,0 75.40883276000101,26.83829852165595,0 75.40816648511395,26.83827948554225,0 75.4079856084748,26.83827139214639,0 75.40780517393509,26.83825746562929,0 75.40762541407668,26.83823772337952,0 75.40744656352625,26.8382121918096,0 75.40726885290671,26.83818090366485,0 75.40709251185629,26.83814389801457,0 75.40691777005435,26.83810122566634,0 75.40674485315978,26.8380529392461,0 75.40657398485935,26.83799910312377,0 75.40537469756711,26.83759933887458,0 75.40523814479128,26.83755178064192,0 75.40510319386154,26.83750067664537,0 75.40496995766409,26.83744606990384,0 75.40310453995286,26.83665187804107,0 75.40295692183973,26.83676198880652,0 75.40280471899294,26.83686695619846,0 75.40264815229679,26.83696662698907,0 75.40248745272507,26.83706085424241,0 75.40232285430561,26.83714950004314,0 75.40215459814918,26.83723243638809,0 75.40198293041722,26.83730953977487,0 75.40180810134406,26.8373806993306,0 75.40163036622089,26.83744581048905,0 75.40144998640839,26.83750477679368,0 75.40126722532358,26.83755751352049,0 75.40108235043658,26.83760394315817,0 75.40089563126391,26.83764399721954,0 75.39973441156843,26.83787243471754,0 75.39953860614531,26.83790731666701,0 75.39934141231571,26.8379352041419,0 75.39914314095496,26.83795605292144,0 75.39894410398709,26.83796983052089,0 75.39874461438116,26.83797651528868,0 75.39854498514785,26.83797609731209,0 75.39834553235212,26.83796857660313,0 75.39766022041628,26.83793050400751,0 75.39746256307322,26.83791600957838,0 75.39726569465736,26.83789454071563,0 75.39706992329057,26.83786612906062,0 75.39687555110233,26.83783081981614,0 75.39668288125894,26.83778866721245,0 75.39649221193402,26.83773973723257,0 75.39594015787169,26.8375874465081,0 75.39575636409857,26.83753325333501,0 75.3955750265018,26.83747276187266,0 75.3953964161576,26.83740606256213,0 75.39522079611368,26.83733325309107,0 75.39504842542739,26.83725444199382,0 75.39413468956418,26.83681660606236,0 75.393963247451,26.83673055545589,0 75.39379567899175,26.83663856562665,0 75.39236797334155,26.83582000452092,0 75.39220137508468,26.83572024090067,0 75.39203933317646,26.83561460755018,0 75.39188210686235,26.83550327260299,0 75.39172994534819,26.83538641234691,0 75.39158308780311,26.83526421212681,0 75.39144176838869,26.83513686542765,0 75.39130621022336,26.835004574794,0 75.39117662939569,26.83486754820718,0 75.39105322894454,26.83472600451918,0 75.39093620688561,26.83458016620725,0 75.39036514972489,26.83383775788128,0 75.39026723677783,26.83370555103356,0 75.39017456525097,26.83357033755379,0 75.39008725043598,26.83343228416496,0 75.39000539958998,26.83329156302918,0 75.38992911393288,26.83314834722764,0 75.38985848765348,26.83300281437484,0 75.38887371727034,26.83087194653689,0 75.38808879494951,26.82944153845405,0 75.38801742894172,26.82930583793851,0 75.38795113028253,26.82916808481167,0 75.38788997193564,26.82902843146548,0 75.38783401982194,26.82888703121374,0 75.38766271501194,26.82843016852644,0 75.38760739082728,26.82827320549795,0 75.38755848264832,26.82811453740829,0 75.3875160555765,26.82795437535727,0 75.38748016565786,26.82779293137164,0 75.38745086089877,26.82763042111083,0 75.3874281812508,26.82746705935256,0 75.38741215460385,26.82730306542108,0 75.3874028038063,26.82713865594495,0 75.38740014064236,26.82697404938778,0 75.38740416885142,26.82680946604006,0 75.38745468070245,26.82568248257278,0 75.38739987780789,26.82376143073991,0 75.38692222098851,26.82231461995525,0 75.38627503610611,26.82035378018615,0 75.38622634487021,26.82019577082324,0 75.38618408101884,26.82003628034876,0 75.38614829957328,26.81987551718151,0 75.3861190475218,26.8197136951786,0 75.38609636379536,26.81955102641257,0 75.38608027727051,26.81938772569112,0 75.38607080978541,26.81922400964605,0 75.38597574281587,26.81669225863697,0 75.38597289542651,26.81653372139226,0 75.38597625372645,26.8163751925024,0 75.38598581634098,26.81621686789392,0 75.38606200031884,26.81526508569375,0 75.38607992107401,26.81508934625681,0 75.38610548384504,26.8149143696611,0 75.38613864824667,26.81474042326277,0 75.38617936483536,26.81456777353868,0 75.38622757006594,26.81439668248864,0 75.38628319134158,26.81422741303895,0 75.38634614297064,26.81406022363626,0 75.38641632919175,26.81389537004507,0 75.38649364215235,26.81373310264479,0 75.38657796393977,26.81357367184139,0 75.38666916655082,26.81341731903897,0 75.38676710889766,26.81326428387097,0 75.38687164283323,26.81311480057223,0 75.38698260811707,26.81296909709011,0 75.38709983443414,26.81282739688475,0 75.38722314339498,26.81268991531218,0 75.38735234653569,26.81255686324156,0 75.38748724530882,26.81242844434651,0 75.38762763510206,26.81230485328861,0 75.38777330122881,26.8121862802428,0 75.38821111917328,26.81184364778831,0 75.38830030127255,26.81177547838622,0 75.3883912284341,26.81170919023845,0 75.38852610671175,26.81161317897492,0 75.38836026304064,26.81155066960521,0 75.38819705372323,26.81148280691447,0 75.38803669340595,26.81140967970741,0 75.38723717402492,26.81102895310473,0 75.38715185223802,26.81098737088068,0 75.38708005528117,26.81095087722562,0 75.38590142472101,26.81034025793971,0 75.38457274458351,26.80991865530194,0 75.38261108972583,26.80946980069143,0 75.37753621602317,26.80843602913359,0 75.37737781717971,26.80840132790369,0 75.37722075356648,26.80836203905502,0 75.37706519236569,26.80831820367868,0 75.37691129574581,26.80826986829703,0 75.3746650114945,26.8075274495039,0 75.37449270494189,26.80746724949312,0 75.37432297902981,26.80740140761945,0 75.37415606549689,26.80733001356672,0 75.37399218805112,26.80725316336099,0 75.373831569419,26.80717096115762,0 75.3736744253053,26.80708351835436,0 75.37352096942097,26.80699095267494,0 75.3725501329313,26.80638179168896,0 75.37239564748388,26.8062808840267,0 75.37224554537544,26.80617478488581,0 75.37210004142948,26.80606364720378,0 75.3719593454594,26.8059476311547,0 75.37182366126527,26.80582690505466,0 75.37169318460958,26.80570164175555,0 75.37156810323212,26.80557202315921,0 75.37033079643294,26.80423949190788,0 75.37021386731063,26.8041086959668,0 75.37010243180569,26.80397409439997,0 75.36999664445162,26.80383587190546,0 75.36989665074162,26.80369421862196,0 75.3698025881378,26.80354933102906,0 75.36971458807172,26.80340140833035,0 75.36963276991948,26.80325065608056,0 75.36955724802424,26.80309727984715,0 75.36858649690396,26.80102235827156,0 75.36852157476058,26.80087653345042,0 75.36846234424245,26.80072877156689,0 75.36840887733692,26.80057924940413,0 75.36782206301315,26.7988344539896,0 75.36718193543875,26.79765831755742,0 75.36711519618919,26.79753067608069,0 75.36704852602132,26.79739162837802,0 75.36571612579715,26.79447912357668,0 75.36571179943412,26.79446963560236,0 75.36564061859124,26.79431302433887,0 75.36529933347099,26.7939568866266,0 75.36517152733092,26.79381800734829,0 75.36504999715092,26.79367466240554,0 75.36493493581587,26.79352708155045,0 75.36482652616104,26.79337549907514,0 75.36358924791904,26.79156707160854,0 75.36348937801748,26.79141446573221,0 75.3633962491527,26.79125846482828,0 75.36331000592814,26.79109930689817,0 75.36298641854535,26.79047111856231,0 75.36290688038795,26.79030837049851,0 75.36283454016717,26.79014293775485,0 75.36276951236221,26.78997507917444,0 75.3627118963567,26.78980505273535,0 75.36266178149504,26.78963312366334,0 75.36261924605348,26.78945955721154,0 75.36258435624882,26.78928462317723,0 75.36255716421221,26.7891085913926,0 75.36253771403989,26.78893173622364,0 75.36252603473126,26.78875433026797,0 75.36252214523643,26.78857664975926,0 75.36252216451797,26.78813882898484,0 75.36252560163322,26.78797214840641,0 75.36253589345536,26.78780569495988,0 75.36255302659326,26.78763969620299,0 75.36257697759325,26.78747437881539,0 75.36260771192751,26.78730996679553,0 75.36264519004462,26.7871466859595,0 75.3626893603106,26.7869847585419,0 75.36274016102674,26.78682440499652,0 75.36279752445384,26.78666584398602,0 75.3628927124641,26.78641838368555,0 75.36296108947055,26.786251367846,0 75.36303674677221,26.78608690018995,0 75.36311956644558,26.78592523561948,0 75.36320941949508,26.78576662635555,0 75.36330616684479,26.78561131742124,0 75.36340965834714,26.78545955115881,0 75.36351973277135,26.78531156361822,0 75.36363621980996,26.78516758274644,0 75.36375893708107,26.78502783471535,0 75.36388769512955,26.78489253488024,0 75.36402229442933,26.78476189410782,0 75.3641625243631,26.78463611426452,0 75.36430816726056,26.78451539272067,0 75.36445899736957,26.78439991513024,0 75.364614780879,26.7842898626539,0 75.36477527589571,26.78418540473619,0 75.36494023145296,26.78408670362263,0 75.36510939254019,26.78399391434685,0 75.36528249605875,26.78390717842097,0 75.36545927286262,26.78382663285925,0 75.36563944974429,26.78375240204718,0 75.36582274441621,26.78368460136604,0 75.36600887455859,26.78362333536389,0 75.36619754877415,26.78356870048761,0 75.36638847663312,26.78352078054276,0 75.36658135862491,26.78347965033095,0 75.36677589721779,26.78344537381572,0 75.36713756177821,26.78338826907537,0 75.36731942333742,26.78336262366084,0 75.36750220948154,26.78334296800378,0 75.36813036255833,26.78328586348899,0 75.36829528715663,26.78327332635492,0 75.36846058156766,26.78326566630672,0 75.36862606778249,26.78326289193207,0 75.36879156575698,26.78326500460169,0 75.36895689745319,26.78327200387616,0 75.36962311994003,26.78331007410321,0 75.3698106135674,26.7833239513522,0 75.36999739726977,26.783344111515,0 75.37060651608343,26.7834202515435,0 75.37077963659627,26.78344465742856,0 75.37095170436815,26.78347446144441,0 75.37112251206972,26.783509626217,0 75.37129185034414,26.78355010986417,0 75.37145951484,26.78359586326856,0 75.3716253021903,26.78364683099104,0 75.37238670561598,26.7838942862349,0 75.37254468035653,26.78394833957517,0 75.37270054305597,26.78400712755731,0 75.37285411645783,26.7840705829389,0 75.37300522731653,26.78413863485613,0 75.37358381262217,26.78441021477494,0 75.37524401034409,26.78490943638704,0 75.37726813529056,26.78498004442868,0 75.37777860625903,26.78490074873906,0 75.37911519911371,26.78417957277164,0 75.38170500107178,26.78190974381079,0 75.38165299954527,26.78174783221055,0 75.38160778998281,26.78158428704758,0 75.38156943750185,26.7814193365806,0 75.38153799415331,26.78125321271414,0 75.38151350394254,26.78108614827634,0 75.38149600182656,26.78091837792452,0 75.3814855137082,26.78075013633934,0 75.38148205141569,26.78058166094702,0 75.38148206297626,26.78031516091913,0 75.38148600048433,26.78013676014255,0 75.38149778931981,26.77995863797522,0 75.38151741126576,26.77978107345314,0 75.38154483602851,26.77960434383783,0 75.38158002123781,26.77942872461632,0 75.38162291144427,26.77925449040678,0 75.38167343811369,26.77908191315281,0 75.3817315246628,26.77891126391572,0 75.3817970794001,26.77874280747628,0 75.38186999957078,26.7785768086441,0 75.38195017133292,26.77841352503471,0 75.38203746977878,26.77825321338972,0 75.38213175790487,26.77809612235674,0 75.38223288864828,26.77794249970692,0 75.38234070485643,26.77779258330642,0 75.38245503629381,26.77764660834761,0 75.38257570565938,26.77750480191565,0 75.38270252357221,26.77736738751658,0 75.38283529257102,26.77723457784356,0 75.38297380512366,26.77710658110259,0 75.38311784462084,26.77698359739836,0 75.38326718638515,26.77686581963463,0 75.38342159665305,26.77675342990549,0 75.38358083460469,26.77664660490733,0 75.38374465033709,26.77654551143004,0 75.38391278989951,26.77645030814929,0 75.38408498924585,26.77636114203143,0 75.38426097928218,26.77627815373732,0 75.38444048585157,26.77620147310796,0 75.38462322771893,26.77613121826735,0 75.38650770319076,26.7754459593439,0 75.38666306514654,26.77539213306807,0 75.38682032776167,26.77534295214801,0 75.38697931721949,26.77529847212749,0 75.38713985967682,26.77525874042515,0 75.3907565122408,26.77442120356732,0 75.39092178788651,26.77438558881133,0 75.39108830987604,26.77435500756743,0 75.39125588823228,26.77432949376208,0 75.39142433095459,26.77430907771668,0 75.39159344701788,26.77429378072206,0 75.39176304136775,26.77428362227533,0 75.39517029479386,26.77413134426318,0 75.39535963008318,26.77412608595682,0 75.39554905090792,26.7741272303522,0 75.39969866763437,26.77422240710381,0 75.39986621958379,26.7742287583142,0 75.40003344307723,26.77424011940539,0 75.40020015200372,26.77425647826367,0 75.40036616022972,26.77427781645619,0 75.40314526473307,26.77467755160528,0 75.40318511705247,26.77468343059684,0 75.40325760531566,26.77469488314562,0 75.40791403378027,26.77546204125432,0 75.41109150820684,26.7756209165761,0 75.41209301862153,26.77555887816413,0 75.41213108835801,26.77554445778594,0 75.41321316898872,26.77489260925331,0 75.41565592059938,26.77326971714253,0 75.41770123755084,26.77153381651702,0 75.41784962815541,26.77141280829552,0 75.41800327376663,26.77129720347079,0 75.41816192963903,26.77118718783743,0 75.41832534394328,26.77108293457117,0 75.41849325778932,26.77098461054912,0 75.41866540319795,26.77089237184155,0 75.4188415071242,26.7708063637,0 75.41902128945864,26.77072672417493,0 75.41920446602835,26.77065357959253,0 75.41939074357065,26.77058704547255,0 75.41957982678055,26.77052722831335,0 75.41977141628897,26.77047422288933,0 75.41996520665396,26.77042811315983,0 75.420160890384,26.77038897225726,0 75.42035815592924,26.7703568633961,0 75.42055669068563,26.77033183625243,0 75.42075617899941,26.77031393148434,0 75.42095630416866,26.77030317801739,0 75.4211567464246,26.77029959124491,0 75.42149937594003,26.77029959191977,0 75.42168978477859,26.77030282746157,0 75.42187992180716,26.77031253265063,0 75.42206951239832,26.77032869115105,0 75.42225828492511,26.7703512821051,0 75.42244597072738,26.77038027110447,0 75.42263229910915,26.77041561742821,0 75.42281700235087,26.7704572695134,0 75.42299981673175,26.77050516946639,0 75.42318048049783,26.77055924765157,0 75.42335873286932,26.77061942630582,0 75.42362522470424,26.77071460092545,0 75.4237983714073,26.77077982509793,0 75.4239686850409,26.77085080522857,0 75.42413592888157,26.77092744271959,0 75.42429986818196,26.77100962993949,0 75.42446027621914,26.77109725381638,0 75.4246169282393,26.77119019043876,0 75.42639479796436,26.77228827400986,0 75.42957475336768,26.77393650874274,0 75.4312845699783,26.7745737994865,0 75.43288417730898,26.77511172171681,0 75.43501690578626,26.7754208091503,0 75.43520313204888,26.77545103428162,0 75.43538795895171,26.77548752488884,0 75.43557112580514,26.7755302312175,0 75.43935909382003,26.7764819822988,0 75.43953683044046,26.77652982681315,0 75.43971248035371,26.77658352367611,0 75.43988580288858,26.77664299960668,0 75.44005656437869,26.77670817227455,0 75.44285472852495,26.77783123930704,0 75.44303632216943,26.77790806035269,0 75.44321435696298,26.77799132345077,0 75.443388547743,26.77808089768736,0 75.44355861633626,26.77817663948761,0 75.44485301859825,26.77893804305437,0 75.44501318792356,26.77903627177152,0 75.44516901813897,26.7791399717955,0 75.44532027728378,26.77924898767262,0 75.44546674141714,26.77936315760445,0 75.44560819058712,26.77948231165465,0 75.44574441587569,26.77960627262959,0 75.44587521436914,26.77973485609405,0 75.44745108128888,26.78134530768169,0 75.44998262545271,26.78348733984857,0 75.45039889095565,26.78368060277253,0 75.45149645145098,26.78417711773446,0 75.45303261298035,26.78453637985858,0 75.45570088387666,26.78484740508218,0 75.45872061476138,26.78506702207057,0 75.45874864798266,26.78506913158427,0 75.45887149353233,26.78508005027778,0 75.46274606979698,26.78546819503645,0 75.46280413788976,26.78547350742251,0 75.46286885269349,26.7854795980089,0 75.46294623079201,26.78548715226501,0 75.46585963569625,26.78574330376286,0 75.47272140206576,26.78590288697248,0 75.47466462969531,26.78572325936065,0 75.47477031975117,26.7857144985665,0 75.47820773023594,26.78546234350445,0 75.47998865867788,26.78071997595366,0 75.48004485689943,26.78057817511527,0 75.48010629127779,26.78043813425753,0 75.48155123237986,26.77729879330421,0 75.48189159398274,26.77627784290075,0 75.48195111247971,26.77367891476974,0 75.48171026676221,26.76694549329874,0 75.48142863613357,26.76256783967531,0 75.48142120648399,26.76239461754318,0 75.48142119095083,26.76222126820033,0 75.4814285895601,26.7620480444508,0 75.48144339129725,26.76187520455228,0 75.48155773476435,26.7608084415681,0 75.48158088387601,26.76063007297978,0 75.48161191818825,26.76045267255698,0 75.4816507865423,26.76027651945591,0 75.48169742873634,26.76010189466807,0 75.481751770459,26.75992907200872,0 75.48181372533919,26.75975832713876,0 75.48188319591405,26.75958992853272,0 75.48196007164431,26.75942414380569,0 75.48204423090701,26.75926123519232,0 75.48213554099567,26.75910145954683,0 75.48223385712242,26.75894507015238,0 75.48233902341623,26.75879231491186,0 75.48245087392502,26.75864343544186,0 75.48256923160629,26.7584986661733,0 75.48269390834243,26.75835823796297,0 75.48282470793131,26.75822237176339,0 75.48296142308833,26.75809128314752,0 75.4831038374425,26.75796517869054,0 75.48325172554812,26.75784425867866,0 75.48340485387882,26.75772871439713,0 75.48356297881632,26.75761872813734,0 75.48372585067693,26.757514474086,0 75.48389321270588,26.75741611832877,0 75.48406480005608,26.75732381524231,0 75.48424033979958,26.75723771020304,0 75.48441955495804,26.75715794137924,0 75.48491446953693,26.75694855642493,0 75.48508208306706,26.75688097458649,0 75.48525233584903,26.75681893436936,0 75.485424998952,26.75676251961206,0 75.48559984240272,26.75671180512889,0 75.48577663217597,26.75666685852607,0 75.48595513421334,26.75662773928514,0 75.48613510839655,26.75659450058943,0 75.48631631456999,26.75656718659482,0 75.48822311057855,26.75631181480417,0 75.49220014075063,26.75544347085542,0 75.49575407659944,26.75444108163912,0 75.49591763523344,26.75439766838651,0 75.4960827401315,26.75435926046775,0 75.49624920142136,26.75432590097685,0 75.49641682619489,26.75429762850492,0 75.49658542252301,26.7542744753204,0 75.49675479643835,26.75425646737971,0 75.49736367918889,26.75420111559677,0 75.49780173981208,26.75416129188474,0 75.49799822898085,26.75414690527036,0 75.49819519483717,26.75413944624026,0 75.49839233474611,26.75413892578758,0 75.4985893460297,26.75414534497567,0 75.49878592596262,26.75415869403532,0 75.49898177177195,26.75417895236463,0 75.4991765816426,26.75420608852562,0 75.49937005673237,26.75424006113982,0 75.49956189916034,26.75428081889542,0 75.49975181400212,26.7543282969287,0 75.49993950932125,26.75438242404678,0 75.500124697147,26.75444311640411,0 75.50030709147463,26.75451028021796,0 75.50048641229182,26.75458381265712,0 75.50066238355932,26.75466360004311,0 75.50083473423211,26.75474952145802,0 75.50100320124882,26.75484144241375,0 75.5011675235328,26.75493922299892,0 75.50132744901229,26.75504271333962,0 75.50200262701348,26.7542692251812,0 75.50212205387638,26.75413758451136,0 75.50224690930112,26.75401006778137,0 75.50237701707486,26.75388685617564,0 75.50251219391193,26.7537681227778,0 75.50265224746231,26.75365403709229,0 75.50279698031464,26.75354476051586,0 75.50294618697505,26.75344044544553,0 75.50405024328532,26.75269807690031,0 75.50417901111899,26.7526143121093,0 75.5043106653316,26.75253424412044,0 75.50444507353477,26.75245795375224,0 75.50583465059611,26.75169655202621,0 75.50597815291731,26.75162087422607,0 75.50597812252499,26.75144434424897,0 75.5059857852002,26.75126794752391,0 75.50600112803134,26.75109195586002,0 75.50602412904014,26.75091663748612,0 75.50605475216952,26.7507422606801,0 75.50609295030097,26.75056909375809,0 75.50613866624043,26.75039740055675,0 75.50619182771023,26.7502274449654,0 75.50625235537461,26.7500594863832,0 75.50632015580837,26.74989378154996,0 75.50639512452203,26.74973058634124,0 75.50647714794143,26.74957014853825,0 75.50656609941316,26.74941271416248,0 75.50666184321557,26.74925852475268,0 75.50676423254338,26.74910781646936,0 75.50687311050967,26.7489608191885,0 75.50698831015795,26.7488177592101,0 75.50710965645351,26.7486788547369,0 75.50730001572691,26.74846946716342,0 75.50742959353447,26.74833258880302,0 75.50756513348587,26.74820044711026,0 75.50770642230206,26.74807325139513,0 75.50785323459964,26.74795120198233,0 75.50800533994644,26.74783449379765,0 75.50816249579796,26.74772331097623,0 75.50832445353919,26.74761782864672,0 75.50849095748689,26.74751821474073,0 75.50866174387186,26.74742462728806,0 75.50883654184045,26.74733721351023,0 75.50901507447212,26.74725611252574,0 75.50919705876315,26.74718145173857,0 75.50938220865953,26.74711335043907,0 75.50957022901088,26.74705191711693,0 75.50976082159194,26.7469972467313,0 75.5099536871458,26.74694942792631,0 75.51014851830809,26.74690853493078,0 75.5103450066742,26.74687463385303,0 75.510542842775,26.74684777726377,0 75.51074171106436,26.74682800782566,0 75.5109412989697,26.74681535826078,0 75.51136006745651,26.7467963230759,0 75.5114980866765,26.74679175423379,0 75.51163619353289,26.74679059056813,0 75.51177428345687,26.74679283335878,0 75.51244050704703,26.74681186863815,0 75.51263987516788,26.74682112381946,0 75.51283867781454,26.74683747732518,0 75.51303660013686,26.74686090230741,0 75.51323333126591,26.7468913628769,0 75.51342856027101,26.74692880960325,0 75.51410124235254,26.74707042705215,0 75.51513262145274,26.74726743435216,0 75.51528318130592,26.74720996496256,0 75.51543591383076,26.74715731787083,0 75.51559062625165,26.74710955787462,0 75.51522163079633,26.74478424972082,0 75.5151976908068,26.74460886385837,0 75.51518141356576,26.74443277028696,0 75.51517282540307,26.74425624067792,0 75.51517193755187,26.74407954404752,0 75.51517875220277,26.74390295124946,0 75.5151932584736,26.74372673318367,0 75.51521543542236,26.74355115988256,0 75.51524524802525,26.7433765005256,0 75.51528265018942,26.74320302252552,0 75.51532758475346,26.74303099152845,0 75.51537998348753,26.74286067141381,0 75.51543976607584,26.74269232158952,0 75.51550684114689,26.74252620240561,0 75.51573528846903,26.74199320995496,0 75.51580861643622,26.74183152535354,0 75.51588885161733,26.74167250704378,0 75.51597587539644,26.74151639290091,0 75.51606955606701,26.74136341633276,0 75.51616975486562,26.74121380625789,0 75.51627631993455,26.7410677862247,0 75.51638909436645,26.74092557438242,0 75.51650790715848,26.74078738441684,0 75.51663258325166,26.74065342190248,0 75.51676293348763,26.74052388704788,0 75.51689876466423,26.74039897465899,0 75.51703987248035,26.74027887055369,0 75.51718604657599,26.74016375425197,0 75.5173370685211,26.74005379898343,0 75.51749271280481,26.73994916807235,0 75.51765274484056,26.73985001855652,0 75.51781692799277,26.7397564984531,0 75.51798501453068,26.7396687476946,0 75.51815675367286,26.73958689809968,0 75.51833188956364,26.73951107067194,0 75.51838206377383,26.73949041108526,0 75.51811236547559,26.7384949179993,0 75.51807149462128,26.738330808909,0 75.51803746109562,26.73816544692404,0 75.51801031015332,26.73799906121351,0 75.5179900790161,26.73783188368348,0 75.51797679786201,26.73766414536197,0 75.51797048279912,26.73749607913306,0 75.51797114490741,26.73732791789826,0 75.51797878018769,26.73715989551601,0 75.51799338061866,26.73699224585839,0 75.518014925095,26.73682520013567,0 75.51807204931494,26.73644448821804,0 75.51810139078552,26.73627370499771,0 75.51813799033386,26.73610405544361,0 75.51818179374537,26.73593578713533,0 75.518232737761,26.73576914858731,0 75.51829074702795,26.73560438203709,0 75.51835573613572,26.73544172885518,0 75.51842761162725,26.73528142953776,0 75.51850626593313,26.7351237165059,0 75.51859158444751,26.73496882220567,0 75.51868344348836,26.73481697279551,0 75.51878170629202,26.73466839177255,0 75.51888623104109,26.73452329633175,0 75.51899686282859,26.73438189920119,0 75.51911343968297,26.73424440681432,0 75.5192357925764,26.73411102111589,0 75.51936373938766,26.73398193868115,0 75.51949709493678,26.73385734616494,0 75.51963566297803,26.73373742845692,0 75.5197792411862,26.73362235963475,0 75.51992761716359,26.73351230929886,0 75.5200805754619,26.73340743893539,0 75.52169858682851,26.7323414740858,0 75.52185193621844,26.73224434431836,0 75.52200921552841,26.73215242032653,0 75.5221702061571,26.73206583110973,0 75.52233468343566,26.73198469756454,0 75.52290760140591,26.73171445749124,0 75.52314798590953,26.73139840860009,0 75.52325506144288,26.73126304254037,0 75.52336760818143,26.73113130291159,0 75.5234854741049,26.73100336993343,0 75.52360849910613,26.73087941392366,0 75.52373651704751,26.73075960522229,0 75.52386935471014,26.73064410426398,0 75.52400683282406,26.73053306699143,0 75.5241487640573,26.73042664486305,0 75.52449140318819,26.73017918890172,0 75.52465031132348,26.73006904146057,0 75.52481398961707,26.72996467894979,0 75.52498217741051,26.7298662666402,0 75.52515460596756,26.72977396170744,0 75.5253310004767,26.72968791141891,0 75.52551108004688,26.72960825223105,0 75.52569455771985,26.72953511249803,0 75.52588114044912,26.72946860795757,0 75.52607053112324,26.72940884443218,0 75.52626242756011,26.72935591783295,0 75.52645652349975,26.72930991144733,0 75.52665251063577,26.72927090044612,0 75.52754262161339,26.72911038975977,0 75.52928884279471,26.72861147120461,0 75.53086282728806,26.72808091722143,0 75.53105192375325,26.72802101185499,0 75.53124352917357,26.72796792435365,0 75.53143734032109,26.72792173980997,0 75.53163304788684,26.72788253250634,0 75.53183034049381,26.72785036409428,0 75.53202890470516,26.72782528540025,0 75.5322284250239,26.72780733642566,0 75.53242858389265,26.7277965463469,0 75.5326290616849,26.72779293170969,0 75.53282954174047,26.72779649821598,0 75.53336251986403,26.72781553413399,0 75.53355571227446,26.72782578026687,0 75.53374832250115,26.72784269693045,0 75.5339400648929,26.7278662563099,0 75.53413065477803,26.72789642517105,0 75.53431981145104,26.72793315852892,0 75.53450725315354,26.72797640147235,0 75.53469270311507,26.72802609094705,0 75.53487588551431,26.72808215215913,0 75.53505652951752,26.72814450217144,0 75.53523436826865,26.72821304900435,0 75.5354091358728,26.72828769164707,0 75.53558057643672,26.72836831821779,0 75.5357484330255,26.72845480961664,0 75.53591245871822,26.72854703858111,0 75.53607241056668,26.72864486790296,0 75.53622805060913,26.72874815223002,0 75.53634651714819,26.72882998026802,0 75.53649483585373,26.72876628531852,0 75.53664559510555,26.72870739237973,0 75.53813033528266,26.72815537804639,0 75.53830236245537,26.72809471973411,0 75.53847675610567,26.72803978004206,0 75.53865328032208,26.7279906338925,0 75.538831697137,26.72794734628496,0 75.53959309748646,26.72777603179893,0 75.53978828928111,26.72773580582981,0 75.53998510972268,26.72770259230793,0 75.54018324739359,26.72767644297277,0 75.54038238681721,26.72765740145503,0 75.54058221345088,26.7276454960348,0 75.54078240969348,26.72764074597685,0 75.54098265688772,26.72764315971732,0 75.54118263832324,26.72765273214361,0 75.54138203724685,26.72766944911636,0 75.5415805358396,26.72769328386189,0 75.54177782025244,26.72772419875859,0 75.54197357758083,26.72776214354288,0 75.54216749588603,26.72780705982322,0 75.54235926919205,26.7278588747411,0 75.54254859147829,26.72791750641095,0 75.54273516371336,26.72798286299051,0 75.54291868881452,26.72805483999123,0 75.54309887668349,26.72813332206483,0 75.5432754402014,26.72821818662985,0 75.54344810022593,26.72830929753246,0 75.54361658260488,26.72840651137782,0 75.54378061915992,26.72850967301185,0 75.54393995072,26.72861861912098,0 75.54409432410066,26.7287331773407,0 75.5442434941062,26.72885316444212,0 75.54438722355542,26.72897839174882,0 75.54452528627219,26.72910865970813,0 75.54465746106986,26.72924376152552,0 75.54478353878518,26.72938348223462,0 75.54490331927919,26.72952760232008,0 75.54501661341372,26.72967589048685,0 75.54512324007823,26.72982811270025,0 75.54522303119555,26.72998402765219,0 75.54531582770464,26.73014338767939,0 75.54540148258558,26.73030594055739,0 75.54553473999037,26.73057243554486,0 75.54561271719145,26.73073702668851,0 75.5456833721169,26.73090426336841,0 75.54574659287019,26.73107388058255,0 75.54631212756274,26.73269731879335,0 75.54681796911632,26.73399791708995,0 75.54687745948422,26.73416073682624,0 75.54693002401739,26.73432546662167,0 75.54697558915181,26.73449186841043,0 75.54701408735511,26.73465970410258,0 75.54704546514482,26.73482873013577,0 75.54742627668323,26.73715106947571,0 75.5474376039422,26.73722430345958,0 75.54785680189667,26.7401075311011,0 75.548234672836,26.74118889120443,0 75.54873628383768,26.74238226320114,0 75.54879951301699,26.7425416708041,0 75.54885604467673,26.74270309421501,0 75.54890579825371,26.74286630532836,0 75.54894870324331,26.7430310769018,0 75.54898470118073,26.74319717622825,0 75.54901374063901,26.74336437057249,0 75.54903578022879,26.74353242354802,0 75.54905078963014,26.74370110053026,0 75.54905874856546,26.74387016414612,0 75.54908496601492,26.74487191586037,0 75.54908630708498,26.74495849473823,0 75.54908554713067,26.74505883241913,0 75.54905970835526,26.74635360159398,0 75.54923901992555,26.74630727445996,0 75.54942013844482,26.74626700826903,0 75.54960280878238,26.74623285998068,0 75.54978677576534,26.74620487752712,0 75.54997178115721,26.74618309892218,0 75.55015756468075,26.74616755586881,0 75.55034386601152,26.74615827013995,0 75.55053042377648,26.74615525448526,0 75.55096822658851,26.74615525506394,0 75.55115898891748,26.74615850439363,0 75.55134947586608,26.74616824885911,0 75.55153941386969,26.74618447507928,0 75.55172852931098,26.74620715884025,0 75.55191655054415,26.74623626779615,0 75.55246856398833,26.74633144268536,0 75.55265823555534,26.74636756220626,0 75.55284621620625,26.7464102194026,0 75.55303222408855,26.74645935127634,0 75.55321598434399,26.74651488577495,0 75.55339722406696,26.74657673910226,0 75.55357567232186,26.74664481932996,0 75.55375106516664,26.74671902547495,0 75.55392314062448,26.74679924751892,0 75.5540916437118,26.74688536638862,0 75.55425632341674,26.74697725306477,0 75.55441693572918,26.74707477127862,0 75.55457324061922,26.74717777662087,0 75.55472500605535,26.74728611562299,0 75.55487200700739,26.7473996275667,0 75.55501402442771,26.74751814177927,0 75.55515084629182,26.74764148485232,0 75.55528227157713,26.74776947159736,0 75.55540810225291,26.74790191230009,0 75.55552815231344,26.74803860907337,0 75.5556422427718,26.74817936039105,0 75.55575020565617,26.74832395565509,0 75.5558518780025,26.74847218063605,0 75.55594710988636,26.74862381473304,0 75.55603537489745,26.74877091389817,0 75.55615689388425,26.74878692364104,0 75.55629180603744,26.74880888298804,0 75.55737679927387,26.74899923299746,0 75.55739342509396,26.74900217598962,0 75.55810408395109,26.74912908262071,0 75.55889187711448,26.748795273317,0 75.5590728549147,26.74872246961327,0 75.55925688811823,26.74865612988629,0 75.55944369265075,26.74859635636586,0 75.55963297635529,26.74854324318914,0 75.55982444600512,26.74849687095594,0 75.56001780331174,26.74845731306458,0 75.56153796823641,26.74817449398753,0 75.5616739845416,26.74806277185742,0 75.56181448003031,26.74795560938011,0 75.56195926333707,26.74785315085651,0 75.56210813904531,26.7477555342839,0 75.56226090769178,26.74766289225884,0 75.5624173617306,26.74757534928459,0 75.56257729157585,26.74749302355314,0 75.56274048056456,26.7474160251593,0 75.56290670798661,26.7473444587976,0 75.56307575108728,26.74727842194846,0 75.56324738002536,26.74721800218986,0 75.56393475638045,26.74698887924144,0 75.56412156015517,26.74693042230532,0 75.56431078090168,26.74687860782012,0 75.56450212539654,26.74683351549263,0 75.56469529635108,26.74679521601857,0 75.56488999641572,26.74676376745534,0 75.56508592316958,26.74673921885337,0 75.56528277413926,26.74672160843058,0 75.56548024479191,26.74671096448315,0 75.56567802851261,26.74670730087145,0 75.56587581865988,26.74671062604035,0 75.56597154755346,26.74671392676819,0 75.56696880325058,26.7465852489664,0 75.56768998774871,26.74640495680116,0 75.56784456632596,26.74629190132715,0 75.56800404383404,26.74618447077738,0 75.56816816569589,26.74608283499135,0 75.56833667126377,26.74598715570772,0 75.56850929179888,26.74589758476691,0 75.56868575249143,26.74581426590875,0 75.56886577444936,26.74573733025029,0 75.56904906969243,26.74566690082041,0 75.56967722905684,26.74543848081838,0 75.56976381050072,26.74540783099277,0 75.57147696924049,26.74481774671335,0 75.57165876863067,26.74475870058193,0 75.57184296062813,26.7447059718502,0 75.5720292751423,26.74465963924454,0 75.57221743499549,26.74461977158979,0 75.5724071629618,26.74458642778074,0 75.57348500239807,26.74441624367409,0 75.5736881743091,26.74438361934949,0 75.57383392955121,26.74427148694858,0 75.57398435801129,26.74416444389466,0 75.57413923825325,26.74406264907094,0 75.57429834476261,26.74396624964037,0 75.57446144295015,26.7438753873861,0 75.57462829416616,26.74379019598258,0 75.57479865468571,26.74371079919414,0 75.57497227472109,26.74363731449046,0 75.57514889940906,26.74356984943124,0 75.57532826981635,26.74350850166227,0 75.57551012395865,26.74345336161981,0 75.57569419478023,26.74340451073327,0 75.57588021316136,26.74336201960733,0 75.57624187800472,26.74328587990187,0 75.57642747132772,26.74325011252181,0 75.57661443484214,26.74322065938338,0 75.57680250431851,26.74319756308741,0 75.57699140944453,26.74318085632933,0 75.57718088389012,26.7431705636639,0 75.57737065523737,26.74316669883773,0 75.57756045304342,26.74316926836792,0 75.57775000881732,26.74317826702776,0 75.57793905001833,26.74319368419128,0 75.58179371378505,26.74357397286061,0 75.58255297877183,26.74354233704163,0 75.58667908075016,26.74304435953806,0 75.58903625735319,26.74269683313201,0 75.58980327779879,26.7424220790514,0 75.58998251000709,26.74236140321485,0 75.59016418531135,26.74230690070045,0 75.59034804067773,26.74225865023989,0 75.59053381001534,26.74221672245301,0 75.5907212221511,26.74218117714776,0 75.59091000688613,26.74215206780933,0 75.59109988993509,26.74212943530119,0 75.59129059496041,26.74211331237101,0 75.59148184457295,26.74210372274364,0 75.5916733633439,26.74210068020578,0 75.59186487177561,26.74210418953383,0 75.59205609233037,26.74211424556609,0 75.59279895216699,26.74216607429154,0 75.59436723721912,26.74223281617665,0 75.59434686970408,26.7420558003733,0 75.59433430562966,26.74187820020893,0 75.59432956551123,26.74170029368197,0 75.59433265678672,26.74152235794156,0 75.59434357382156,26.74134467019033,0 75.59436229992485,26.74116750857885,0 75.59438880532436,26.74099114950554,0 75.59442304917796,26.74081586760826,0 75.59446497857779,26.74064193757417,0 75.59451452651585,26.74046962963408,0 75.59457161693555,26.74029921405564,0 75.59463616068631,26.7401309566459,0 75.59470805552374,26.73996511875156,0 75.59478719115643,26.73980196084921,0 75.59487344217916,26.73964173715793,0 75.59512091923394,26.73920392326652,0 75.59521166674058,26.73905074811645,0 75.59530890171133,26.73890081675238,0 75.59541248148776,26.73875435096195,0 75.59552225332574,26.73861156625457,0 75.5956380544097,26.7384726745701,0 75.59575971283945,26.73833788066344,0 75.59588705065625,26.73820738389754,0 75.59601987981128,26.73808137645477,0 75.59615800217519,26.73796004514268,0 75.59630121555237,26.73784356775748,0 75.59644930667062,26.73773211853063,0 75.59789600470054,26.73668518795043,0 75.59804064298852,26.73658436118862,0 75.59818927498904,26.73648832970117,0 75.59834170128238,26.73639722252349,0 75.59849772239919,26.73631115876027,0 75.59865712980376,26.7362302539435,0 75.59881971289948,26.73615461368311,0 75.59898525503985,26.73608434000379,0 75.59915353751727,26.73601952500821,0 75.59932433656998,26.73596025540407,0 75.60043792258453,26.73559460332285,0 75.602184102067,26.73489613616434,0 75.60231818135397,26.73484458306587,0 75.60245386977873,26.7347965441748,0 75.60259105293324,26.7347520596985,0 75.60634096118014,26.73359092718372,0 75.60648040636507,26.733549781637,0 75.60662112983634,26.7335123087523,0 75.60676301111451,26.73347854064132,0 75.6102464181662,26.73269810926461,0 75.61042560436458,26.73266107297444,0 75.61060617841562,26.73262994423736,0 75.61078789925129,26.73260476561755,0 75.61097052475068,26.7325855706562,0 75.61115380872832,26.73257238478753,0 75.61133750796745,26.73256522440552,0 75.61152137520564,26.73256410140853,0 75.6117051661295,26.73256901504341,0 75.61188863338983,26.73257996095984,0 75.61207153258611,26.73259692215604,0 75.6122536182927,26.73261987802439,0 75.61252010797801,26.7326579478941,0 75.61255732991216,26.73266339393734,0 75.61266308513604,26.73268119308876,0 75.61430061102982,26.73214849589666,0 75.61448274220129,26.73209276242694,0 75.61466711513185,26.73204332821521,0 75.61485345975333,26.73200026484641,0 75.61504150293909,26.73196363579427,0 75.61569083776477,26.73184904722137,0 75.61588519944831,26.73181829254676,0 75.61608075638074,26.73179441042249,0 75.61627720614236,26.73177743827164,0 75.61647424625592,26.73176740268477,0 75.61667157317608,26.73176431852154,0 75.61686888330902,26.73176819161484,0 75.6170658719777,26.73177901335816,0 75.61726223548111,26.73179676972524,0 75.61745767205075,26.73182143223726,0 75.61765187986872,26.73185296338865,0 75.61784456006917,26.73189131392534,0 75.61803541574238,26.73193642465491,0 75.61822415294486,26.73198822734486,0 75.61841047967404,26.73204664111566,0 75.61859411091507,26.73211157603013,0 75.61877476159233,26.73218293131835,0 75.61895215463274,26.73226059895382,0 75.61912601691427,26.73234445825402,0 75.61929607928526,26.7324343794915,0 75.61946208059123,26.73253022477921,0 75.61962376464834,26.73263184627777,0 75.61978088326471,26.73273908708513,0 75.61993319222329,26.73285178215682,0 75.62008045932065,26.73296975736781,0 75.62034876087731,26.73319333907297,0 75.62050296134996,26.73308920385914,0 75.62066159256742,26.7329905791219,0 75.62082440799964,26.73289761489763,0 75.62099115807364,26.73281045581965,0 75.62167642733175,26.73246782550129,0 75.62183885581572,26.73238997753503,0 75.62200443533487,26.73231767719658,0 75.62217292916856,26.73225102753649,0 75.62227789686254,26.73209840146865,0 75.62238953470158,26.73194964190635,0 75.62250766696943,26.73180498164087,0 75.62263210687318,26.73166464990033,0 75.62276265753408,26.73152886963685,0 75.622899113974,26.73139785300372,0 75.62304125913286,26.73127180859573,0 75.62318886886166,26.73115093510755,0 75.62334171092688,26.73103542314382,0 75.62349954299936,26.73092545522819,0 75.62366211566591,26.73082120488729,0 75.62382917343466,26.73072283664649,0 75.62400045171852,26.73063050604323,0 75.62417567984657,26.73054435871113,0 75.6243545810689,26.73046453128286,0 75.62453687355203,26.73039114958019,0 75.62472226837268,26.73032432952575,0 75.62491047352968,26.73026417531978,0 75.62510119195746,26.73021078396331,0 75.62529412149118,26.73016423893828,0 75.62548895890335,26.73012461289849,0 75.62568539488592,26.73009196949746,0 75.62588312107366,26.73006636064899,0 75.62608182300052,26.73004782565536,0 75.62628118916344,26.73003639387601,0 75.62648090297336,26.73003208386021,0 75.62668065079373,26.73003490240872,0 75.62688011490693,26.73004484550776,0 75.62707898255316,26.73006189648332,0 75.62727693890687,26.73008602874081,0 75.62747367008289,26.73011720394598,0 75.62766886716786,26.73015537381283,0 75.62793535770183,26.73021247865628,0 75.62806175832886,26.73024086752939,0 75.62818714319454,26.73027268353483,0 75.62831139552205,26.73030789920368,0 75.63143656744767,26.72896853491298,0 75.63159871484558,26.72890218139332,0 75.63176337933378,26.7288410305045,0 75.63193035421709,26.72878515719298,0 75.6320994287601,26.72873463281263,0 75.63227039117351,26.72868951969426,0 75.63244302562254,26.72864987567335,0 75.63333767058028,26.72845952663179,0 75.63339219386734,26.72844821322531,0 75.63453922535055,26.7282162326339,0 75.63457347793502,26.72820161287958,0 75.63739633724359,26.72480386116655,0 75.63751005204766,26.72467212749606,0 75.63762910584337,26.72454425294693,0 75.63775333470873,26.72442041249509,0 75.63788256865148,26.72430077392079,0 75.63801663364021,26.72418550141105,0 75.63815534555175,26.72407475197554,0 75.63865026997507,26.72369404920679,0 75.6388045918135,26.72358003816745,0 75.6389638370004,26.7234716241983,0 75.63912775414762,26.72336897995893,0 75.63929608577739,26.7232722673027,0 75.63946856329524,26.72318163729943,0 75.6396449160688,26.72309723561186,0 75.63982486434439,26.72301919440193,0 75.64000812429406,26.72294763591955,0 75.64019440703021,26.7228826761186,0 75.64038341754447,26.72282441473036,0 75.64057485677377,26.72277294518576,0 75.64076842257026,26.72272834829099,0 75.64096380871574,26.72269069584358,0 75.64116070690704,26.72266004610909,0 75.64135880677088,26.72263644652973,0 75.64155779387295,26.72261993734489,0 75.64175735468911,26.72261054163713,0 75.64195717264413,26.72260827618455,0 75.64215693409821,26.72261314330795,0 75.64235632234478,26.72262513631515,0 75.64255502161144,26.72264423587141,0 75.64275271908061,26.72267041179605,0 75.642949101868,26.72270362217324,0 75.6431438600537,26.72274381604675,0 75.64333668564611,26.72279092800752,0 75.64352727261712,26.72284488451345,0 75.64207391904007,26.72101806327321,0 75.6406626402533,26.71965540576452,0 75.63727988193791,26.71648043619366,0 75.63721813370611,26.71642142793403,0 75.63717192781816,26.71637585036055,0 75.63682928760888,26.71603319924526,0 75.6367009296832,26.71589972091061,0 75.63657847817397,26.71576183978434,0 75.63646212024081,26.71561976721483,0 75.63635203301197,26.7154737191097,0 75.63624838561519,26.71532391953794,0 75.63615133614168,26.71517059713207,0 75.63606103164629,26.7150139850879,0 75.63597761118365,26.71485432476235,0 75.63590120174686,26.71469185846869,0 75.63583192030352,26.71452683398152,0 75.63576987279539,26.7143595054441,0 75.63571515409869,26.71419012614559,0 75.63566784605867,26.71401895665543,0 75.63562802348167,26.71384625757358,0 75.63559574510254,26.71367229227956,0 75.63557106163242,26.71349732779914,0 75.63555400970208,26.71332163031718,0 75.63554461590344,26.71314546877086,0 75.63554289476417,26.71296911215022,0 75.63554884774773,26.71279283040546,0 75.6355624662494,26.71261689082205,0 75.63558373062642,26.71244156434509,0 75.63561260714231,26.71226711837021,0 75.63564905199813,26.71209381853114,0 75.63569300832714,26.71192193051903,0 75.63574441119629,26.7117517155457,0 75.63580318059458,26.71158343488941,0 75.63586922643457,26.71141734535829,0 75.63594244956306,26.71125370018863,0 75.6360227357345,26.71109274997486,0 75.6361099636384,26.71093473992513,0 75.63620399988322,26.71077991168947,0 75.63630470100206,26.71062850244816,0 75.63641191343766,26.71048074220325,0 75.63652547155219,26.71033685739904,0 75.63664520464421,26.71019706727925,0 75.63677092691094,26.71006158664077,0 75.63685368984113,26.70942403589145,0 75.63681966435733,26.70590351153943,0 75.63648535903806,26.70101581026891,0 75.6364776829336,26.70085914085018,0 75.63647606957036,26.70070232687376,0 75.63648052097733,26.70054555702971,0 75.63649103214709,26.70038902003893,0 75.63666243982789,26.69840931339685,0 75.63666303718139,26.69840248867329,0 75.63672017177052,26.6977552775823,0 75.63673911966194,26.69758275448201,0 75.63676542787266,26.69741101274895,0 75.63679905856874,26.69724030444844,0 75.636839961855,26.69707088169884,0 75.63688807677053,26.69690299486136,0 75.63694333328907,26.69673689072541,0 75.63700564931882,26.69657281523067,0 75.63707493269298,26.69641100984682,0 75.63715108117491,26.69625171247639,0 75.63723398347345,26.69609515925601,0 75.63732351620267,26.69594158005583,0 75.63741954792261,26.69579120207295,0 75.63752193610898,26.69564424713641,0 75.63763053116881,26.69550093078656,0 75.63774517143497,26.6953614659089,0 75.63786568916193,26.69522605638736,0 75.63799190654547,26.69509490434509,0 75.63812363567251,26.69496820111625,0 75.63826068358206,26.69484613354332,0 75.63892693210683,26.69427507886376,0 75.6390355249642,26.69418470816704,0 75.6391470348045,26.69409724863727,0 75.63926136254844,26.69401277745721,0 75.64314851306696,26.69122582537294,0 75.64451331084919,26.69008564193069,0 75.6446591634966,26.68996846426787,0 75.64480998324987,26.68985647614136,0 75.6449655418911,26.68974984560201,0 75.64778008730865,26.68789727082925,0 75.65119421471623,26.68516603938961,0 75.65229949200786,26.68393488962055,0 75.65329975438024,26.682595617864,0 75.65340308499285,26.68246250086343,0 75.65351167427241,26.68233280673038,0 75.6536253814477,26.68220670222811,0 75.65374406170903,26.68208435052674,0 75.65694706296945,26.67889955699638,0 75.65774895378461,26.67792396530063,0 75.65952099967096,26.67505759369903,0 75.66180484458451,26.67127579529758,0 75.66312822032573,26.66866318330977,0 75.66458028309144,26.66499799300911,0 75.66572572259341,26.66164391523738,0 75.66583494713507,26.6605400234632,0 75.66587859373675,26.65847833679537,0 75.66584082346917,26.65830623871035,0 75.66532698417143,26.65653411855153,0 75.66528104135611,26.65636188786612,0 75.6652426524297,26.65618817089631,0 75.66484375375758,26.65417729142189,0 75.664658773087,26.65372250298146,0 75.6643021760988,26.65334930498891,0 75.6642045188095,26.65324390288998,0 75.664110468872,26.65313588270472,0 75.6630825589324,26.6519175697582,0 75.66297985527797,26.65179135844045,0 75.66288207740915,26.6516620272361,0 75.66278934276188,26.65152972999806,0 75.66270176277826,26.65139462692709,0 75.66261944187561,26.65125688006215,0 75.66067789638993,26.64786846523701,0 75.66065496871636,26.64782795084087,0 75.66062217501431,26.64776817625482,0 75.65795732394155,26.6428188113971,0 75.65788929750076,26.64268709870907,0 75.65782601966922,26.64255348785081,0 75.65776755753953,26.64241811756017,0 75.65639710386932,26.6390868253438,0 75.65633603014302,26.6389294923588,0 75.65628145897384,26.63877024233144,0 75.65623346591001,26.63860928980382,0 75.65619211447861,26.63844685569282,0 75.65615746217762,26.63828316094235,0 75.65612955646769,26.63811842834748,0 75.65610843476725,26.63795288165167,0 75.65609412547285,26.63778674825051,0 75.65608664892778,26.63762025286723,0 75.65606764767281,26.63683978849543,0 75.65606706000504,26.63667044073776,0 75.6560735406965,26.63650119218385,0 75.65608708103122,26.63633228123114,0 75.65610766023275,26.63616394542884,0 75.65613525149725,26.6359964223529,0 75.65628757171432,26.63517789224889,0 75.65631783172523,26.63503038788857,0 75.65635352739979,26.63488386784079,0 75.65639462046656,26.63473849479518,0 75.65644106359783,26.63459442877392,0 75.6569170085493,26.63320483861803,0 75.65697268219141,26.63305202519626,0 75.65703437512191,26.63290109080495,0 75.65710201005069,26.63275222629953,0 75.65717550064252,26.63260562167369,0 75.66008984314189,26.62705758967301,0 75.66215283797797,26.62253907336052,0 75.6621899966941,26.62217383698707,0 75.66222312752299,26.62162756562328,0 75.66223787973088,26.62144970620561,0 75.66226043686865,26.62127250927041,0 75.6622907633313,26.62109625216178,0 75.66232881244441,26.62092120866274,0 75.66237452448139,26.62074765351867,0 75.6624278276317,26.6205758561129,0 75.66248863903181,26.6204060849762,0 75.6625568647549,26.6202386059812,0 75.66286146057259,26.61953429517099,0 75.66293141709929,26.61938093335371,0 75.66300759019876,26.61922998389484,0 75.66403557768899,26.61728837517804,0 75.66410103637584,26.61716928511734,0 75.66417036448031,26.61705197819212,0 75.66424350331465,26.61693655579263,0 75.66572834417693,26.61467135172315,0 75.6658061585386,26.61455658109401,0 75.66588773979152,26.61444394253156,0 75.66769618013242,26.61202646158895,0 75.66779926743158,26.61189384880979,0 75.66790757427773,26.61176464146774,0 75.66802096200361,26.61163900452489,0 75.66813928389824,26.61151710117524,0 75.6682623901925,26.61139908650122,0 75.66839012105963,26.61128511292388,0 75.67126450614775,26.60881054197802,0 75.67139751889724,26.60870009092001,0 75.67153487395484,26.60859402165233,0 75.67167639434901,26.60849247223442,0 75.67182189504378,26.60839557534684,0 75.67197118694568,26.6083034564667,0 75.67212407590468,26.60821623477536,0 75.67228036272455,26.60813402496419,0 75.67439327684274,26.60706806366251,0 75.67455215231902,26.60699124912926,0 75.67455886961535,26.60698814481559,0 75.67871023539823,26.60507360847349,0 75.68314720207964,26.60298787727649,0 75.68328620398388,26.60292497778528,0 75.68342730694691,26.60286598021285,0 75.68357037572721,26.60281094118048,0 75.68371527204974,26.60275991371296,0 75.68592334327033,26.6020175499869,0 75.68610614422283,26.60195967875329,0 75.68629129309656,26.60190819190549,0 75.68647851417131,26.6018631647994,0 75.68666752766814,26.6018246655888,0 75.68685805373957,26.60179275069189,0 75.68704980646493,26.60176746843172,0 75.68724250186855,26.60174885628896,0 75.68743585290326,26.60173694182906,0 75.68762957145891,26.60173174269249,0 75.68782336937166,26.60173326749286,0 75.69008852737699,26.60179037378638,0 75.6902825988571,26.60179864467422,0 75.69047616949352,26.60181365855997,0 75.69066894891888,26.60183539157377,0 75.69329577368637,26.60217802254599,0 75.69339792345365,26.60219231213251,0 75.6934559560584,26.60220129555142,0 75.69690128560953,26.60275331229011,0 75.69705489439595,26.60278014814352,0 75.69720749877617,26.60281127286786,0 75.69735894993946,26.6028466564976,0 75.69750910105586,26.60288626454384,0 75.69832760711151,26.6031146855891,0 75.69850964595409,26.60316893323394,0 75.69868924792581,26.60322938900049,0 75.70034530018216,26.60381947541321,0 75.70047232523031,26.60386655338106,0 75.70063604895074,26.60393273947281,0 75.70175912244055,26.60440861603577,0 75.70177850300699,26.60441687291293,0 75.70186186927469,26.60445344242164,0 75.70232940387551,26.60466335621477,0 75.70299340813942,26.60482013392732,0 75.70409545883993,26.6049933130981,0 75.70599699490204,26.60527572149995,0 75.70615682922301,26.60530191524247,0 75.70631563746832,26.60533274200068,0 75.70647325374446,26.60536817100083,0 75.70662951211293,26.60540816424712,0 75.70678424963086,26.60545268102098,0 75.70828801837273,26.60590952104672,0 75.70847113120298,26.60596872705488,0 75.70854450073665,26.60599449710592,0 75.71219923793748,26.60730791420333,0 75.71229471192179,26.60734325130628,0 75.71669182234275,26.60901833483987,0 75.71683184062714,26.60907394950263,0 75.71696990913509,26.60913337491802,0 75.71769324532218,26.60945697081882,0 75.71786395661394,26.60953704629988,0 75.71803112677657,26.60962294577503,0 75.72189528427667,26.61169776868938,0 75.72200734857044,26.61175974252016,0 75.72205852219274,26.61178927200216,0 75.72430468869709,26.61310269282425,0 75.72446639239328,26.6132013211028,0 75.72462370392938,26.61330552959928,0 75.72477638727591,26.61341515972302,0 75.72643247540836,26.6146524422237,0 75.72655235858636,26.61474491094964,0 75.72666894635042,26.61484072165271,0 75.72678212561306,26.61493978102056,0 75.72855244195229,26.61653873594645,0 75.7286569393852,26.61663598552881,0 75.72875814881205,26.61673600380325,0 75.72885598127388,26.61683870184887,0 75.73085530551575,26.61900216170292,0 75.73164628849375,26.61822744480482,0 75.73366544731292,26.61548841138871,0 75.73454403604022,26.61375926258345,0 75.73676307073338,26.60677833379198,0 75.73792225966295,26.60271286882562,0 75.73833860113007,26.60028204385282,0 75.73853430217132,26.5984325443745,0 75.73855666722339,26.59825748730347,0 75.73858661566572,26.59808334972,0 75.7386240999416,26.59791039460052,0 75.73866906446683,26.5977388858649,0 75.73872143858276,26.59756908570435,0 75.73878114558329,26.59740125272897,0 75.73884809166816,26.59723564202511,0 75.73892217599752,26.59707250690896,0 75.7390032856417,26.59691209443856,0 75.73909129661475,26.5967546499228,0 75.73918607485567,26.59660041330497,0 75.73928747723282,26.59644961915763,0 75.73939534652855,26.59630249761159,0 75.73950952147042,26.59615927249828,0 75.73962982569013,26.59602016230993,0 75.73975607775469,26.59588537834199,0 75.73988808314981,26.59575512744332,0 75.74002564327765,26.59562960564969,0 75.74016854647074,26.59550900635622,0 75.74031657497542,26.59539351305837,0 75.74046950495755,26.59528330025484,0 75.74071696657268,26.59511198425536,0 75.74087077700595,26.5950096394353,0 75.74102881245445,26.59491263638296,0 75.74119084487259,26.59482111802158,0 75.74135663710371,26.59473521558522,0 75.74152595095451,26.59465505489692,0 75.7416985381219,26.59458075099881,0 75.74187414826177,26.59451241352738,0 75.74205252794383,26.59445014039893,0 75.74223341666352,26.59439402234482,0 75.74241655185155,26.59434414107961,0 75.7426016688736,26.59430056930119,0 75.74278849700743,26.59426336980895,0 75.74297676647807,26.59423259637001,0 75.74316620344237,26.59420829464823,0 75.74335653297808,26.59419049857729,0 75.74354747811445,26.59417923578297,0 75.74373876179959,26.5941745212527,0 75.74393010692945,26.59417636184995,0 75.74412123432741,26.59418475451895,0 75.74431186778277,26.59419968896695,0 75.74450172999852,26.59422114226828,0 75.74493953366138,26.59427824691625,0 75.74512370071439,26.59430541904286,0 75.74530661808932,26.59433872521845,0 75.74548803143021,26.59437811892747,0 75.7456676913545,26.59442354640667,0 75.7458453504225,26.59447494395231,0 75.74602076215643,26.59453224153669,0 75.74619368402958,26.59459535918109,0 75.74701514036154,26.594911303378,0 75.7484906368871,26.59536764244476,0 75.75005804235522,26.59572457656282,0 75.75122690409675,26.59592173519065,0 75.75226117456032,26.59599778467094,0 75.75245905346071,26.59601588675292,0 75.75265597914256,26.59604101968689,0 75.75520597650821,26.59641289766303,0 75.75675478569963,26.59652979100177,0 75.75887627631369,26.59647927903964,0 75.75907296284963,26.59647805878453,0 75.75926955146649,26.59648376374046,0 75.75946574186597,26.59649638648082,0 75.75966123064728,26.59651590605424,0 75.75985571937088,26.59654229245588,0 75.76004891054106,26.59657550664885,0 75.76024050557342,26.59661549696357,0 75.76043021183629,26.59666220086585,0 75.76061773865729,26.59671554858965,0 75.76080279728737,26.59677545772002,0 75.76098510493549,26.59684183588003,0 75.76116438075729,26.59691458165507,0 75.76134035086433,26.59699358276022,0 75.7615127443307,26.59707871967296,0 75.76168129716811,26.59716985929182,0 75.76184575037695,26.59726686397525,0 75.76209320922213,26.59741914425266,0 75.76224866479122,26.59751876166125,0 75.76239979665773,26.59762361789004,0 75.76254638590484,26.59773356334718,0 75.76268822057699,26.59784843847253,0 75.76282509570382,26.59796807734888,0 75.7629568132941,26.59809230679909,0 75.76308318435028,26.59822094727796,0 75.76320402384711,26.59835381289911,0 75.76331915977622,26.59849071228925,0 75.76342842308522,26.59863144593338,0 75.7635316577627,26.59877581244068,0 75.76362871376624,26.59892360226231,0 75.76371945106374,26.59907460128109,0 75.7638037376308,26.59922859172497,0 75.76388145245781,26.59938535124802,0 75.76418604431184,26.60003255451701,0 75.76425004931043,26.60017528290052,0 75.76429374573722,26.60028170787743,0 75.76457930619209,26.60100505408502,0 75.76463370890787,26.60115067244041,0 75.76468256827315,26.60129786986352,0 75.76472582890814,26.60144647691983,0 75.7647634404355,26.60159632143872,0 75.7647953584908,26.60174722941104,0 75.76515711449834,26.603631747656,0 75.76518283550246,26.603780497554,0 75.76520302611455,26.60392993446173,0 75.76531430375096,26.60488657506724,0 75.76583697425916,26.60481035264048,0 75.76694382125653,26.60438270806572,0 75.76710014097581,26.60432509185664,0 75.76725852913208,26.60427223414224,0 75.76741880436821,26.60422419728794,0 75.76758078726461,26.60418103281509,0 75.76774429237067,26.60414279137543,0 75.76790913719552,26.60410951547974,0 75.77036465141543,26.60365267848843,0 75.77053248916958,26.60362411797672,0 75.77070131145688,26.60360070546641,0 75.77087092062347,26.60358246820719,0 75.77104112299099,26.60356942710817,0 75.77121171881319,26.60356159679219,0 75.77138251332944,26.60355898643879,0 75.7728870943935,26.6035589917354,0 75.77361737384447,26.6022695925294,0 75.77298783947462,26.6006713650471,0 75.77292717101646,26.60050743793629,0 75.77287352585023,26.60034154414514,0 75.77282697990404,26.60017392704212,0 75.77278760308475,26.6000048309303,0 75.77275545227242,26.59983450469688,0 75.77273057530735,26.59966319727707,0 75.77271300798961,26.59949115947619,0 75.77270277608172,26.59931864305583,0 75.77269989430464,26.59914590073926,0 75.77270436734233,26.598973186206,0 75.7727161878212,26.59880075229706,0 75.77273533932331,26.5986288509986,0 75.77276179337973,26.59845773436102,0 75.77279551147333,26.5982876535854,0 75.77283644401658,26.59811885632037,0 75.77288453038199,26.59795159117632,0 75.77293970087462,26.5977861022976,0 75.77300187373756,26.59762263208735,0 75.77307095916324,26.59746142028297,0 75.77314685628079,26.59730270397248,0 75.77322945212158,26.597146713086,0 75.77331862669539,26.59699367849386,0 75.77341424891276,26.59684382300039,0 75.77364268627059,26.59650118719093,0 75.77374016951056,26.59636057208466,0 75.77384346710535,26.59622335166302,0 75.77395243272909,26.59608972172739,0 75.77406691196963,26.59595986999702,0 75.77418674136087,26.59583398153173,0 75.7742205737417,26.59565756801557,0 75.77426220337325,26.59548250790222,0 75.77431156480185,26.59530907871995,0 75.77436857951393,26.59513755716406,0 75.77443315591206,26.59496821548563,0 75.77450519234006,26.59480132328079,0 75.77458457306013,26.59463714660989,0 75.77467117225795,26.59447594616999,0 75.77476485304474,26.59431797820332,0 75.77486546444466,26.59416349451376,0 75.77497284840646,26.59401273972015,0 75.77508683279827,26.59386595490602,0 75.77520723739667,26.59372337216992,0 75.77523527206152,26.59304003321724,0 75.77524647769975,26.59286222132223,0 75.77526547597714,26.5926849457198,0 75.77529223657187,26.5925084810425,0 75.77532671913285,26.59233310378204,0 75.77536886921419,26.59215908508848,0 75.77541862233515,26.59198669706821,0 75.77547589892264,26.59181620739443,0 75.77578025024107,26.59097088544929,0 75.77660455497917,26.58822358645367,0 75.77665958448694,26.58805351933373,0 75.77672199076245,26.58788552464556,0 75.77679167910551,26.58771985930957,0 75.77686854175744,26.58755677941358,0 75.77695245988525,26.58739653659071,0 75.77704330557815,26.5872393762027,0 75.77714093784908,26.58708554007058,0 75.77724520665184,26.58693526645268,0 75.77735595184635,26.5867887855362,0 75.77747300322325,26.58664632304857,0 75.77759617848356,26.58650809846287,0 75.77772529127198,26.58637432495406,0 75.77786014011899,26.58624520765382,0 75.77800051849476,26.58612094540145,0 75.77814620978221,26.58600172986855,0 75.77829699027731,26.5858877437371,0 75.7784526282033,26.5857791634135,0 75.7786128826819,26.58567615542289,0 75.77877750877254,26.58557887909029,0 75.77894625142885,26.58548748386516,0 75.77911885252784,26.58540210928312,0 75.77929504486909,26.58532288861036,0 75.77947455715274,26.58524994249629,0 75.77965711400985,26.58518338348805,0 75.7798424349859,26.58512331423022,0 75.78028024137073,26.58499006938136,0 75.78046519370744,26.58493733799763,0 75.78065227441715,26.58489107093541,0 75.7808412028182,26.58485133653695,0 75.78103169817531,26.58481819502043,0 75.78122347466029,26.58479169579898,0 75.78141624737671,26.5847718774478,0 75.78160972735719,26.58475877044015,0 75.78180362556151,26.58475239441686,0 75.78199765388042,26.58475275818085,0 75.78219152113724,26.5847598624277,0 75.78360010653556,26.58483600339316,0 75.78378538588025,26.58484911612651,0 75.78396999923253,26.58486838438278,0 75.78415369238618,26.58489378247814,0 75.78590117331329,26.58516523861753,0 75.7873741270197,26.58527804564992,0 75.78740549847187,26.58510753300162,0 75.7874441394315,26.58493823060438,0 75.78748999334368,26.58477038976103,0 75.78754299258439,26.5846042582231,0 75.78760305948322,26.58444008289392,0 75.78767010428457,26.58427810532552,0 75.78774402718699,26.58411856622177,0 75.78782472032069,26.58396170091321,0 75.78791206274565,26.58380774209341,0 75.78800592646417,26.58365691797994,0 75.78874834821723,26.58251479806478,0 75.78876159599484,26.58249453761205,0 75.78877036879555,26.58248125487954,0 75.78988473252073,26.58080038788343,0 75.78989365625992,26.58078718821179,0 75.7899931620627,26.58064319777335,0 75.79009862193817,26.58050267372203,0 75.79020988461758,26.58036581641676,0 75.79032679476872,26.58023281901579,0 75.79044918497546,26.5801038693271,0 75.79057688276662,26.57997914976945,0 75.79070970860775,26.5798588373836,0 75.7908474718723,26.57974310204914,0 75.79098997988493,26.57963210733709,0 75.79113702989469,26.57952601145762,0 75.79128841407075,26.57942496362077,0 75.79144391851699,26.57932910675072,0 75.79160332226765,26.57923857749146,0 75.79176640027487,26.57915350257877,0 75.79190311825602,26.5790859324738,0 75.79195654001487,26.57905797444356,0 75.79213328034517,26.5789737052345,0 75.79231361407547,26.57889583425688,0 75.79249725388391,26.57882448407912,0 75.79268390937686,26.57875976825939,0 75.79287328406413,26.57870178955667,0 75.79306507636885,26.57865064082818,0 75.79325898261475,26.57860640140136,0 75.79345469606544,26.57856914339933,0 75.79365190386199,26.57853892453505,0 75.79385029409491,26.57851579439218,0 75.794049551744,26.57849978812752,0 75.79424935971316,26.57849093097974,0 75.79444940184874,26.57848923915536,0 75.79464936088738,26.57849471352022,0 75.79484891749523,26.57850734592489,0 75.79504775727146,26.57852711555406,0 75.79524556274006,26.57855399258277,0 75.79544202034086,26.57858793272016,0 75.79563681746053,26.57862888354598,0 75.79582964740929,26.57867677816283,0 75.7960202014376,26.57873154246348,0 75.79620817772917,26.57879308876066,0 75.79639327841342,26.57886131941499,0 75.79657520955894,26.57893612593216,0 75.79675368117954,26.57901738986569,0 75.79692841124427,26.57910498189142,0 75.79709912267103,26.57919876272726,0 75.79850440039375,26.58000575034456,0 75.79917907641524,26.58021019500906,0 75.79922049055736,26.58022292585155,0 75.80223044180555,26.58116132427534,0 75.80669965193125,26.58213839707209,0 75.80684977311886,26.58217343066426,0 75.80699861909774,26.58221261725058,0 75.80714604802265,26.58225591791302,0 75.80729191903907,26.58230329192265,0 75.81081340865806,26.5835024992025,0 75.81099064973053,26.5835663448498,0 75.81116506242425,26.58363620316775,0 75.81133639600631,26.58371197266901,0 75.81150440069484,26.58379354463906,0 75.81166883466878,26.58388080038746,0 75.81182946108078,26.5839736148764,0 75.81198604501917,26.58407185312635,0 75.81213836256428,26.58417537287298,0 75.81324241840332,26.58495581259789,0 75.81338468755736,26.58506021988139,0 75.81352261428432,26.58516923563466,0 75.81365601579118,26.58528271284594,0 75.81378471226938,26.58540050087532,0 75.81390853188374,26.58552244091185,0 75.81402730880227,26.58564837140182,0 75.81414088515999,26.5857781217175,0 75.8142491070997,26.58591152030535,0 75.81485826223091,26.58669196555875,0 75.81495642873676,26.58682252293947,0 75.8150494661401,26.58695608000745,0 75.81513726183026,26.58709247670893,0 75.81521970916224,26.58723154483004,0 75.81529670750786,26.58737311521922,0 75.81603914212342,26.58880076750679,0 75.81611799774869,26.58896037484513,0 75.81618992799361,26.58912260581013,0 75.81625482465542,26.58928721635877,0 75.81631259056246,26.58945396057824,0 75.81636313855741,26.58962258888604,0 75.81640639552062,26.58979284890975,0 75.81644229333266,26.58996448553864,0 75.81676006145472,26.59166415888528,0 75.81776035827711,26.59217540813743,0 75.8179040929744,26.59225173958585,0 75.81804492668964,26.59233232465812,0 75.81818270313801,26.59241707397518,0 75.81831727002439,26.59250589452402,0 75.81945939428903,26.59328633414615,0 75.81959367909862,26.59338137664488,0 75.81966834885067,26.59343719011817,0 75.82185138462522,26.59510127813741,0 75.82353127438084,26.59620368797586,0 75.82364597767979,26.59628124223979,0 75.82375816919711,26.59636171181576,0 75.82386775607381,26.59644503133864,0 75.82561902490835,26.5978155610146,0 75.82575654491724,26.59792725711945,0 75.82588938622661,26.59804343942916,0 75.82601736792857,26.59816394920124,0 75.82614031611011,26.59828862313855,0 75.82625806282938,26.59841729068659,0 75.82637044814359,26.59854977673018,0 75.82647731909844,26.5986859006964,0 75.82800021093206,26.60070363866793,0 75.82806866743096,26.60079679680146,0 75.83012457998316,26.60367112376826,0 75.83022812326051,26.60382233719945,0 75.83032497026602,26.60397709358787,0 75.83041497362973,26.60413515455112,0 75.83049799094837,26.60429627445456,0 75.83133561566095,26.60600945823301,0 75.83140713289204,26.60616339118198,0 75.83147227490105,26.60631959318856,0 75.83153095275537,26.60647785261112,0 75.83158308552277,26.60663795324633,0 75.83162860228661,26.6067996752201,0 75.83166744016364,26.60696279861073,0 75.83169954830831,26.60712710161954,0 75.83172487985873,26.60729235790947,0 75.83176603509554,26.60760320864515,0 75.83181831202639,26.6076240036348,0 75.83311270110787,26.60815698527919,0 75.83325130517322,26.60821637681478,0 75.83338782455709,26.60827954982805,0 75.83352213128582,26.6083464454861,0 75.83365410035857,26.6084169995219,0 75.83549396041742,26.6094351653896,0 75.8356581750309,26.60934069639454,0 75.8358264137174,26.60925213079664,0 75.83599841236079,26.60916961007525,0 75.83617390372316,26.60909326038041,0 75.83672592370412,26.60886483987102,0 75.83690352989328,26.60879504961224,0 75.83708399941735,26.60873147196537,0 75.83726706482277,26.60867420238946,0 75.83745245154867,26.60862332555233,0 75.83763988396596,26.60857891710084,0 75.83782908336191,26.60854104276992,0 75.83801976795951,26.60850976109111,0 75.8382116528648,26.60848511617018,0 75.83840445313875,26.60846714579458,0 75.83859788175553,26.6084558769314,0 75.83879164860441,26.60845132663604,0 75.83898546750682,26.6084535002052,0 75.83965169069826,26.60847253648782,0 75.83983662674284,26.60848088986264,0 75.84002109530221,26.60849536618288,0 75.84020484416297,26.60851594617344,0 75.84038762405176,26.60854260061172,0 75.84056918665934,26.60857529485365,0 75.84074928459418,26.60861398251389,0 75.8409276744482,26.60865861267053,0 75.84110411172847,26.60870912357502,0 75.84127835892504,26.60876544711872,0 75.84200179995335,26.60901294079734,0 75.8421477280415,26.60906459154523,0 75.84229146036009,26.60912100142346,0 75.84243280351305,26.60918209303526,0 75.84278193346934,26.60910727940062,0 75.84297409470733,26.60906965968319,0 75.84316774793186,26.60903883204014,0 75.84336259521473,26.60901484337315,0 75.84355833855599,26.60899773065451,0 75.8437546758597,26.60898752004819,0 75.84395130797064,26.60898422777102,0 75.84414793363915,26.60898785831675,0 75.84434424953403,26.60899840626184,0 75.8445399552574,26.60901585533278,0 75.84473475133579,26.609040178418,0 75.84500124073607,26.60907824846128,0 75.84519365206954,26.60910919845298,0 75.8453845770933,26.60914685525771,0 75.8455737281636,26.6091911619048,0 75.84576081856669,26.60924205148815,0 75.84594556352292,26.60929944716029,0 75.84612768319954,26.60936326211437,0 75.84630690370823,26.60943339867526,0 75.84648295110533,26.60950975194666,0 75.84665556039768,26.60959220524308,0 75.84682446954278,26.60968063373699,0 75.8469894234662,26.60977490443469,0 75.84715017002398,26.60987487349175,0 75.84730646805734,26.60998038887351,0 75.84745807937772,26.61009129311125,0 75.84760477473283,26.61020741514085,0 75.84774633188461,26.61032858205124,0 75.8478825375378,26.61045460823858,0 75.8480131823782,26.61058530356129,0 75.84813807209392,26.610720469663,0 75.84825701433873,26.6108599027585,0 75.84836983075773,26.6110033899507,0 75.84847634999696,26.61115071468919,0 75.84857641070313,26.61130165494661,0 75.84866986049946,26.61145598051601,0 75.84875655903211,26.61161345750695,0 75.84913851606255,26.61234259483583,0 75.84963201597277,26.61320616096195,0 75.84969868402956,26.61332724659279,0 75.84976129110719,26.61345007095195,0 75.84981978214456,26.61357452422616,0 75.85055463265179,26.61520575656227,0 75.852251450719,26.61736948503684,0 75.8542603596202,26.61976891740691,0 75.85436993302086,26.61990511842172,0 75.85452609084889,26.61979761107013,0 75.85468681611346,26.6196956864041,0 75.85485186087888,26.61959950118783,0 75.85502097312764,26.61950920318225,0 75.85519389174472,26.61942493207815,0 75.85537035251065,26.619346814946,0 75.85555008213508,26.61927497439755,0 75.85573280722947,26.61920951950355,0 75.85591824430279,26.619150551271,0 75.85610611078998,26.61909815986846,0 75.85629611702298,26.6190524255772,0 75.85648797125944,26.61901341966397,0 75.85668137865113,26.61898120077571,0 75.85687604127732,26.61895581945379,0 75.85707166213533,26.61893731449862,0 75.85756657095402,26.61889924553732,0 75.85775359630178,26.61888801333684,0 75.85794095778822,26.61888306268007,0 75.85812839431841,26.61888439875147,0 75.85831564576156,26.61889202131393,0 75.85850244887909,26.61890591751063,0 75.85868854542065,26.61892606994178,0 75.85887367604327,26.61895244947849,0 75.85905758335827,26.61898501975862,0 75.85924000991538,26.6190237362961,0 75.85942070118884,26.61906854285148,0 75.85959940764687,26.61911937954494,0 75.86022756449262,26.61930972982124,0 75.8603820807393,26.61935909208304,0 75.86053472234885,26.61941296169067,0 75.86068532618542,26.61947128185462,0 75.86148480180798,26.61979487747907,0 75.86165347709809,26.61986656665646,0 75.86181907451105,26.61994383671273,0 75.86198136425371,26.62002658251463,0 75.86214012248293,26.62011468896241,0 75.86229513032809,26.62020803460704,0 75.862446173891,26.62030649165013,0 75.86259304522322,26.62040992232653,0 75.86273554036443,26.62051818523606,0 75.86287346331956,26.62063112990224,0 75.86325417593086,26.62095472770133,0 75.86338505765714,26.62107011343703,0 75.86351116782255,26.6211897154105,0 75.86363233647796,26.62131337486228,0 75.86374840467317,26.62144092664635,0 75.8638592154239,26.62157220018765,0 75.86396462277193,26.62170702213567,0 75.86406448471355,26.62184521099004,0 75.86415866928049,26.62198658428648,0 75.86459650732614,26.62267185522764,0 75.86468495982692,26.62281634258217,0 75.86476748094292,26.62296363767027,0 75.86484396168505,26.62311354253905,0 75.86491429908909,26.62326585919843,0 75.86497840018612,26.62342038327716,0 75.86503617902315,26.62357690855496,0 75.86553115896221,26.62500456711267,0 75.86555327001709,26.6250700856678,0 75.86557625636796,26.62514231425513,0 75.86638389733226,26.62776230883027,0 75.8666357586031,26.62839530723508,0 75.8681097710565,26.62929607811739,0 75.86822704614397,26.62936996336268,0 75.86834192989015,26.62944682353484,0 75.86845432940564,26.62952659600758,0 75.86994079935936,26.63061284352726,0 75.870088564318,26.63072524107358,0 75.87023140004114,26.63084267127976,0 75.87036909526529,26.6309649612044,0 75.87050144468275,26.63109192884155,0 75.87062825298018,26.63122338580445,0 75.87074933080693,26.63135913554429,0 75.87086449782959,26.63149897874861,0 75.87097358467956,26.63164270520354,0 75.87107642700126,26.63179010376149,0 75.87117287443134,26.63194095416051,0 75.87180107788757,26.63296886137794,0 75.8718826172755,26.63310796725381,0 75.87195871760385,26.63324954139538,0 75.87202928512278,26.63339341104044,0 75.87209423611269,26.63353940155924,0 75.87266535226615,26.63489091566712,0 75.87272882956457,26.63505004492543,0 75.87278563367354,26.63521119775022,0 75.87283568349879,26.6353741498397,0 75.87287890895355,26.63553867140662,0 75.87291525099316,26.63570453169226,0 75.87294465659237,26.63587149899728,0 75.8729670857638,26.63603933883274,0 75.87312921463592,26.63747993681234,0 75.87320300359328,26.63795944024831,0 75.87667659500454,26.63799417690373,0 75.87718477376798,26.63798531607641,0 75.87795874302253,26.6369766611668,0 75.87798674033952,26.63694055157382,0 75.87810731899305,26.63679308614389,0 75.87949854377808,26.63516370342892,0 75.8796173695456,26.63502986877172,0 75.87974175618592,26.63490017887085,0 75.87987152631872,26.63477482260071,0 75.88000649143322,26.63465397807045,0 75.88093344835008,26.63385490332218,0 75.88133415529708,26.63327729026509,0 75.88144071315149,26.63313014100829,0 75.88155355679777,26.63298682590025,0 75.88167251611509,26.63284756356604,0 75.88179741087087,26.63271256366483,0 75.88192805174612,26.63258202959202,0 75.88206424135393,26.63245616027879,0 75.88220577420485,26.6323351456782,0 75.88235243571626,26.63221916857711,0 75.88250400422133,26.63210840458392,0 75.88266025095531,26.63200302032301,0 75.88282093806703,26.63190317615569,0 75.88298582362083,26.63180902344086,0 75.88315465757134,26.63172070365716,0 75.8833271858024,26.63163835108657,0 75.88350314608786,26.63156209013109,0 75.88368227210968,26.63149203528785,0 75.88386429448312,26.63142829385135,0 75.88404893670366,26.63137096142455,0 75.88423592019035,26.63132012459614,0 75.88442496026748,26.6312758609656,0 75.88461577417982,26.63123823638482,0 75.88480807007717,26.63120730954105,0 75.88500951507253,26.6311785320492,0 75.88520637295054,26.63115404423869,0 75.8854041537963,26.631136574519,0 75.88560254844433,26.63112615009048,0 75.8858012476463,26.63112278732156,0 75.88599993904312,26.63112648996196,0 75.88619831122466,26.63113725453448,0 75.88639605467131,26.63115506220358,0 75.88659285980033,26.63117988601023,0 75.88678841894674,26.63121168724815,0 75.88698242436097,26.63125041637926,0 75.88717457422186,26.63129601119022,0 75.88791693977976,26.63148636208016,0 75.88810297076023,26.63153758331393,0 75.88828665474452,26.63159524177272,0 75.88846771683082,26.63165924980112,0 75.88864588506613,26.63172951160101,0 75.88882089143668,26.63180592141963,0 75.88996300250277,26.63232938640499,0 75.89013441406526,26.63241174150479,0 75.89030215159391,26.63249999598422,0 75.89046596493718,26.63259401689885,0 75.89062560889356,26.6326936622457,0 75.89217699207887,26.63370252235211,0 75.89232688864864,26.63380388448491,0 75.89247247006415,26.63391020575159,0 75.89385254304193,26.63495713738864,0 75.89397975979831,26.63505698264894,0 75.8941031686298,26.63516061476942,0 75.89422263200405,26.6352679172555,0 75.89579895178818,26.63673218019115,0 75.89585548619888,26.6365633415437,0 75.89591931645958,26.6363966173996,0 75.89599034707698,26.63623226204931,0 75.89606846846752,26.63607052625978,0 75.89615356096894,26.63591165634644,0 75.89624549585194,26.63575589506972,0 75.89634413130223,26.63560348166049,0 75.89644931841279,26.63545464726817,0 75.89656089419427,26.6353096204219,0 75.89667869056699,26.63516862065416,0 75.89680252537626,26.63503186578017,0 75.89693221136309,26.63489956281309,0 75.89706755017913,26.63477191341888,0 75.89720833440293,26.63464911480656,0 75.89735434949266,26.63453135249331,0 75.89750537182633,26.63441880663674,0 75.89766117169434,26.63431164930778,0 75.89782151129026,26.63421004450331,0 75.89798614570832,26.63411414723722,0 75.89815482293619,26.63402410263773,0 75.89832728489488,26.6339400504551,0 75.89850326938399,26.63386211692394,0 75.89868250813616,26.63379042290112,0 75.89886472574877,26.63372507574708,0 75.8990496457746,26.63366617741296,0 75.89923698362622,26.63361381636005,0 75.89942645565917,26.63356807291938,0 75.89961777111408,26.63352901663433,0 75.89981063916252,26.63349670802173,0 75.90000476386271,26.63347119589536,0 75.9001998491962,26.6334525191398,0 75.90039559705851,26.63344070672312,0 75.90059171025835,26.63343577587234,0 75.90078788651135,26.63343773481996,0 75.90272251328334,26.63349073953324,0 75.90320098205552,26.63350384958356,0 75.90352060609109,26.6334706423501,0 75.90453023712948,26.63293652023918,0 75.90467062692574,26.63286495299914,0 75.90481350199374,26.63279747772588,0 75.90495871520272,26.63273416215817,0 75.90510611739273,26.63267507133961,0 75.90525555537251,26.63262026853424,0 75.90582660875218,26.63242040121426,0 75.90600692967246,26.63236083255082,0 75.90618965237692,26.63230750412468,0 75.90637451130188,26.63226049526284,0 75.90656123475843,26.63221987269291,0 75.90674955101646,26.63218569772699,0 75.90693918222735,26.63215801998067,0 75.90712985347876,26.63213687912096,0 75.90732128376796,26.63212230672962,0 75.9075131950209,26.63211432353715,0 75.90770530508169,26.63211294217594,0 75.90789733371103,26.63211816353087,0 75.90808899960808,26.6321299812723,0 75.90844508034397,26.63215809298712,0 75.90902497392148,26.63220270100165,0 75.909333909975,26.63220900674272,0 75.90951643970672,26.63221565986094,0 75.90969857496152,26.63222831372291,0 75.90988007353188,26.6322469518225,0 75.91006069112927,26.6322715486397,0 75.91024018541641,26.6323020714206,0 75.91041831700461,26.63233847926803,0 75.91059484543521,26.63238072316731,0 75.91071351874399,26.63228029806914,0 75.91083597461781,26.63218361077272,0 75.91096206831034,26.632090776856,0 75.91131365652751,26.63184014637228,0 75.91164309035958,26.63043362926888,0 75.911687318213,26.63026156911386,0 75.9117389991457,26.63009119461194,0 75.91179805484319,26.62992276808079,0 75.91186439589285,26.6297565455883,0 75.91193791882073,26.62959278329159,0 75.91201851305885,26.62943172926682,0 75.91210605398553,26.62927363258227,0 75.91220040888095,26.62911873423185,0 75.91230143192621,26.62896726987582,0 75.9124089682503,26.62881947342625,0 75.91300860907451,26.62802950986546,0 75.91311347317318,26.62789657993089,0 75.91322360648343,26.62776713805906,0 75.91333886569164,26.62764135398903,0 75.91345910139499,26.62751938937334,0 75.91389692449664,26.62709109816732,0 75.91400109735427,26.62699222798787,0 75.91407056646293,26.62692949746722,0 75.91515329573188,26.62597077417142,0 75.91508016069243,26.62428694268225,0 75.91507633929989,26.62410755528021,0 75.91508045362562,26.62392817369945,0 75.91509249483374,26.62374908058522,0 75.91511244505567,26.62357055954236,0 75.91514027233922,26.62339289155653,0 75.91517593368387,26.62321635768322,0 75.91521937100892,26.62304123726799,0 75.91527051717316,26.62286780700499,0 75.91532929094588,26.62269634006652,0 75.91539559903021,26.62252710789572,0 75.91546933704636,26.62236037749182,0 75.91555038853464,26.62219641231951,0 75.91563862494832,26.62203547140612,0 75.91573390665846,26.62187780933538,0 75.91583608395123,26.62172367533816,0 75.91594499601649,26.62157331239628,0 75.91606046893902,26.62142695725558,0 75.91618232074249,26.62128484310204,0 75.91631036033471,26.62114719324889,0 75.91644438351871,26.62101422477364,0 75.91658418002396,26.62088614847308,0 75.9167295284626,26.62076316618723,0 75.91688019835259,26.62064547259229,0 75.9170359531096,26.62053325247278,0 75.91719654606519,26.62042668526168,0 75.9173617234223,26.6203259377987,0 75.91753122429138,26.62023116884448,0 75.91770478169458,26.62014252907403,0 75.9178821195308,26.62006015838816,0 75.91806295961371,26.61998418677085,0 75.91824701563783,26.61991473342552,0 75.91843399621327,26.61985190946409,0 75.91983592734449,26.61940919846611,0 75.9216950063023,26.61878641115318,0 75.92177985485859,26.6187587645281,0 75.9238832316331,26.61809254098905,0 75.92406111418941,26.61803952939121,0 75.92424107384204,26.61799251878261,0 75.92442285904019,26.61795157669664,0 75.92460621612403,26.61791675804192,0 75.92479089239582,26.61788811230499,0 75.9249766280481,26.6178656790886,0 75.92516316522507,26.61784949076144,0 75.92535024497268,26.61783956796379,0 75.92666365580945,26.61779198194905,0 75.92683566231199,26.61778840030801,0 75.92700770348975,26.61779011608106,0 75.92717957846378,26.61779712786836,0 75.9273510852925,26.61780942705516,0 75.9275220239919,26.61782699869511,0 75.92896867996068,26.61799831462091,0 75.92913983958235,26.61802128634057,0 75.92931001645601,26.61804954406141,0 75.92947901045041,26.61808305478623,0 75.92964661836196,26.61812177831615,0 75.93064595692482,26.61836923393682,0 75.93081412261014,26.61841372696611,0 75.93098045860907,26.61846346731565,0 75.93114476256602,26.61851839582583,0 75.93130683305559,26.61857844430341,0 75.93146647363638,26.6186435400092,0 75.93251523992072,26.61909164622521,0 75.93269139552973,26.6191707526207,0 75.93280054228801,26.61922375030073,0 75.93337159833227,26.61950927690528,0 75.93352345678218,26.61958835838191,0 75.93367214751594,26.61967216064539,0 75.93381749092265,26.61976058196101,0 75.93395930832797,26.61985351246292,0 75.93409742606309,26.61995084044727,0 75.93423167742942,26.62005244694216,0 75.93506923989331,26.62070915933315,0 75.93518951164161,26.6208065719139,0 75.93530622654517,26.62090741868612,0 75.9354192652231,26.62101159481167,0 75.93552851026522,26.62111899092546,0 75.93563384625394,26.62122949584367,0 75.93688069655376,26.62258099595036,0 75.93699563407013,26.62271033378341,0 75.93710521890748,26.62284337138649,0 75.9372093039559,26.6229799309799,0 75.93780894405445,26.62379844770885,0 75.93790312934834,26.62393204932262,0 75.93799204965518,26.62406853403016,0 75.93807559511126,26.6242077346387,0 75.938694284665,26.62528323077759,0 75.93876274207095,26.62540683021086,0 75.93882696237716,26.62553225240805,0 75.93888688436073,26.62565938221634,0 75.93894245378482,26.62578809901957,0 75.93945646038286,26.62703491884805,0 75.93951819356546,26.62719367889638,0 75.93957330393357,26.62735439576751,0 75.93962171529965,26.62751684607002,0 75.93991895504952,26.62859417651906,0 75.94025390687625,26.62974773127144,0 75.94028951221377,26.62987827852743,0 75.94032077721626,26.63000972028554,0 75.94034767380207,26.6301419411719,0 75.9407924868669,26.63252885586574,0 75.9408284476947,26.63269635532001,0 75.94085732930154,26.63286495700813,0 75.94087908950885,26.63303442106044,0 75.94089369614562,26.63320450302588,0 75.9409794141756,26.63452747897975,0 75.94098227057415,26.63457607311208,0 75.94098503748641,26.6346372867305,0 75.94103268153097,26.6359031564402,0 75.94103554839943,26.63604999674034,0 75.9410330989068,26.63619684332998,0 75.94102533476658,26.63634354000788,0 75.94086363035913,26.63861830791081,0 75.94085054504154,26.63876484112595,0 75.94083215644989,26.63891091377435,0 75.94080848539265,26.63905637042953,0 75.94077955671189,26.63920105744341,0 75.94044649598962,26.64072392281947,0 75.94040458341669,26.64089744721621,0 75.94035510949358,26.6410693558845,0 75.94029815037347,26.64123938288095,0 75.94023379429596,26.64140726579241,0 75.93955808705205,26.64306339096848,0 75.93950263833565,26.64319308086413,0 75.93944277494305,26.64332117481278,0 75.93937855214553,26.64344755327013,0 75.93851248026344,26.64508464823637,0 75.9384356147208,26.64522372049634,0 75.93835347232619,26.64536033392473,0 75.9382661492098,26.64549432807704,0 75.93817374854331,26.64562554336483,0 75.9367746677715,26.64753866983833,0 75.93667950024755,26.64766414957254,0 75.93657968978388,26.64778668229581,0 75.93647534977754,26.64790612911833,0 75.93636659666339,26.64802235383865,0 75.93625355496691,26.64813522652175,0 75.93613635224398,26.64824461901827,0 75.93576335963054,26.64858123193849,0 75.93580061829394,26.64870341066641,0 75.93582134066561,26.64877992376831,0 75.93642374453957,26.65109172158669,0 75.93726788411219,26.65347280392259,0 75.93773394452842,26.65478522936051,0 75.93777823668496,26.65491684250771,0 75.93781804698142,26.6550496065263,0 75.93785333822258,26.65518339797788,0 75.93813892092378,26.65634456401293,0 75.93817098216542,26.65648555597653,0 75.93819802644573,26.65662739540115,0 75.9383408294958,26.6574554414825,0 75.93836481250007,26.65761274668267,0 75.93838262545144,26.65777071285931,0 75.93839424360593,26.65792914336157,0 75.93839965328614,26.65808784327043,0 75.93839884883768,26.6582466158074,0 75.93837984632317,26.65901756150837,0 75.93837347505313,26.65916587448044,0 75.93836167957635,26.65931391901233,0 75.93834447363638,26.65946153521142,0 75.93829689884562,26.65981369669341,0 75.93827502049327,26.65995654067153,0 75.93824293360491,26.66012304028752,0 75.93818583838009,26.66038954175761,0 75.93815698494265,26.6605146505228,0 75.93812420217898,26.6606389753827,0 75.93806327372191,26.6608562861274,0 75.94111902328235,26.66065034420718,0 75.94117472664709,26.66064686865224,0 75.94174406228326,26.66061420348948,0 75.94191703210635,26.66053275944155,0 75.94209339486876,26.66045741929408,0 75.94227288324379,26.66038829766046,0 75.9424552288134,26.66032549832846,0 75.94264015303995,26.66026911612582,0 75.94282737732114,26.66021923775643,0 75.94301661792886,26.66017593731995,0 75.94320759006517,26.66013928079902,0 75.94340000281592,26.66010932338433,0 75.9435935671961,26.66008611032415,0 75.94378799012848,26.66006967786712,0 75.94398297641564,26.66006004873509,0 75.94417823181355,26.66005723932535,0 75.9443734609697,26.66006125340456,0 75.94456836944725,26.66007208390088,0 75.94476266173759,26.66008971562579,0 75.94495604424455,26.6601141216429,0 75.94514822429427,26.66014526508007,0 75.94533891113979,26.66018309912283,0 75.94552781695062,26.66022756520206,0 75.94571465584488,26.66027859751448,0 75.9458991448568,26.66033611850212,0 75.9460810049634,26.6604000415538,0 75.94625996206685,26.66047026829013,0 75.94643574503678,26.6605466948962,0 75.94660808664786,26.66062920398986,0 75.94677672865568,26.66071767090756,0 75.94694141475566,26.66081196284839,0 75.94710189659668,26.66091193702822,0 75.94725792976936,26.66101744160917,0 75.94740927984944,26.66112831746493,0 75.94780902573004,26.66143287978052,0 75.94788362547368,26.66149085657703,0 75.94795670812398,26.66154994400077,0 75.94849922119684,26.66199726944142,0 75.94864315378597,26.66212075357519,0 75.94878153026403,26.66224926187561,0 75.94891413392669,26.66238259266943,0 75.94932340412001,26.66281088448817,0 75.94939342382645,26.66288578566683,0 75.94951446444135,26.66302352307917,0 75.95013313407021,26.66375637955434,0 75.95023327698696,26.66387925645681,0 75.95032875099979,26.66400509869869,0 75.95041944437614,26.66413376258433,0 75.9505052564197,26.66426510253843,0 75.95058608839725,26.66439896755541,0 75.9509668196857,26.66505568719496,0 75.95104648736054,26.66519927412958,0 75.95112042472584,26.66534531533731,0 75.95118853977449,26.66549362365509,0 75.95125074553668,26.66564401369135,0 75.95130696303473,26.66579629458352,0 75.95135712333014,26.66595027449839,0 75.95149038931903,26.66638809027925,0 75.95153867114784,26.66655989005118,0 75.95157941146569,26.66673326066943,0 75.95161254671379,26.66690793352422,0 75.95163802639485,26.6670836399172,0 75.95171876312647,26.66774084207002,0 75.9521288300118,26.66861767827655,0 75.9525239531162,26.66928349084324,0 75.95355129772574,26.67097991776629,0 75.95363257909874,26.67111991244917,0 75.95370836217953,26.67126237530114,0 75.95377855304866,26.67140713181346,0 75.95384306580147,26.67155400471459,0 75.9539018215583,26.67170281578259,0 75.95395474842718,26.67185338133108,0 75.95428847379792,26.67286396637433,0 75.95432774096305,26.67298969647261,0 75.95436294426511,26.67311639369945,0 75.95439405266603,26.67324395263598,0 75.95475853002778,26.67484915182951,0 75.95478954379068,26.67499853527191,0 75.95479158406124,26.67501086950501,0 75.95491536430467,26.67519090323703,0 75.95535386799959,26.67563635482093,0 75.95576044535901,26.67586674466964,0 75.95713152111738,26.67654359950874,0 75.9571761933022,26.67656591787216,0 75.95832147600434,26.67714499311099,0 75.95952169222709,26.67743556934118,0 75.95970517649914,26.67748336938036,0 75.95988650516674,26.67753740059597,0 75.96006541731782,26.67759758531053,0 75.96024165296038,26.67766383591053,0 75.96041495806186,26.67773605661789,0 75.96058508253937,26.67781414350351,0 75.96075178024415,26.67789798268167,0 75.96091481000441,26.67798745481695,0 75.961073935572,26.67808242880482,0 75.96122892768534,26.67818276807731,0 75.9613795630415,26.67828832790136,0 75.96152562228642,26.67839895539242,0 75.96166689504696,26.67851449038309,0 75.96180317692361,26.67863476634611,0 75.96193427149288,26.67875960947799,0 75.96205998829727,26.67888883871247,0 75.9621801468803,26.67902226749872,0 75.96229457176169,26.67915970383528,0 75.96237071682381,26.67925488004775,0 75.96248410195412,26.67940272289137,0 75.96259085430995,26.67955449995229,0 75.9626908030082,26.67970996954411,0 75.96278379221386,26.67986888716964,0 75.96286967305524,26.68003100015848,0 75.96294830969924,26.68019605304275,0 75.96301957932887,26.68036378484867,0 75.9630833671186,26.68053392913049,0 75.96313957329956,26.68070621753383,0 75.9631881091249,26.6808803780173,0 75.96322889686994,26.68105613485241,0 75.96326187284726,26.681233208603,0 75.96328698443017,26.68141132065962,0 75.9633041920324,26.68159018961467,0 75.96331346809593,26.68176953036636,0 75.96331479815692,26.68194906133419,0 75.96330817978787,26.68212849814618,0 75.96329362362576,26.68230755634048,0 75.9632711533874,26.68248595317082,0 75.96324080384467,26.68266340581469,0 75.96320262185259,26.6828396340748,0 75.96315667036176,26.68301435944914,0 75.96310301936647,26.68318730428953,0 75.96304175599252,26.68335819624736,0 75.9629729754224,26.68352676472404,0 75.96289678694056,26.68369274263551,0 75.96281331193887,26.68385586823168,0 75.96272268087915,26.68401588240855,0 75.96245290805703,26.68446962272638,0 75.96095705931698,26.68798767674479,0 75.96032216630114,26.69045207963197,0 75.96002109457811,26.69405008632058,0 75.95998455075595,26.69818166782543,0 75.95998205677152,26.69829245101509,0 75.95997520110819,26.69842334516573,0 75.95992346945084,26.69917764967341,0 75.96041559441751,26.6999795767687,0 75.96158134608092,26.70170989355292,0 75.96167918004349,26.70186168661514,0 75.96177037456478,26.7020167792565,0 75.96185479295198,26.702174935877,0 75.96193230653557,26.70233591901613,0 75.96200279966485,26.70249948570756,0 75.96274525452429,26.70432688512656,0 75.96280848582268,26.70449240643363,0 75.96286452640543,26.70466000512156,0 75.96291329168835,26.70482942808046,0 75.96295470913988,26.70500042121496,0 75.96298871625574,26.70517272765217,0 75.96301526257703,26.70534608863082,0 75.96316759794264,26.70650725856579,0 75.96318285702976,26.70664057291882,0 75.96319551116831,26.70680394539097,0 75.96325697979876,26.70787882968401,0 75.96341724578417,26.70779635175054,0 75.96358079768514,26.70771925109926,0 75.96374741022564,26.70764763307271,0 75.96391685707336,26.70758159670158,0 75.96408890577573,26.70752123022515,0 75.96426332183364,26.70746661738347,0 75.96443986564022,26.70741783202123,0 75.9646182975369,26.70737494166475,0 75.96479837276463,26.70733800484797,0 75.96497984549197,26.7073070719878,0 75.96572220903965,26.70719286286485,0 75.96590102906561,26.7071683180849,0 75.96608071617322,26.70714956869988,0 75.96626103837646,26.707136637953,0 75.96644176263898,26.70712954367886,0 75.96662265283305,26.70712829470604,0 75.96680347679087,26.70713289261482,0 75.96698399926815,26.70714333178504,0 75.96749835824298,26.70718143299648,0 75.96768639434517,26.70719857856049,0 75.96787357834838,26.70722206025587,0 75.96805964765002,26.70725184647208,0 75.96824433954757,26.70728789386397,0 75.96842739027888,26.70733015277521,0 75.96860854402279,26.70737856175994,0 75.96940801542391,26.7076069825237,0 75.96955252139955,26.70765044666861,0 75.9696954934776,26.70769782583698,0 75.97062821234654,26.70802142164178,0 75.97081224523882,26.70808905617895,0 75.97099315576729,26.70816317421202,0 75.97117066052056,26.70824366213069,0 75.97134448199323,26.70833039184038,0 75.9760081149378,26.71076688106036,0 75.97615336540433,26.71084573992071,0 75.97794268189381,26.71185459908071,0 75.97810748997581,26.71195161579112,0 75.97826793714901,26.71205436004459,0 75.97842377678047,26.71216267285435,0 75.97857477022188,26.71227638885952,0 75.97872068376292,26.71239533273485,0 75.97886129468566,26.71251932185717,0 75.97899638521787,26.71264816454141,0 75.97912574960802,26.71278166450573,0 75.97924918704247,26.71291961550344,0 75.97936650972589,26.71306180578107,0 75.97947753583702,26.71320801722418,0 75.97958209454714,26.71335802441969,0 75.97968002704081,26.71351159645442,0 75.97977118050017,26.7136684987621,0 75.97985541610809,26.71382848855394,0 75.97995060018954,26.71401884205491,0 75.98002919559295,26.71418481572282,0 75.98010034590941,26.71435347608176,0 75.98016393722662,26.71452455489076,0 75.98021986764637,26.71469777840802,0 75.98026804831325,26.71487287009219,0 75.9803084014044,26.71504955061615,0 75.98034086415075,26.71522753783924,0 75.98036538381101,26.71540654684184,0 75.98038192071877,26.71558629351557,0 75.9803904492415,26.71576648913975,0 75.98039095482697,26.71594684762426,0 75.98038343697304,26.71612708007213,0 75.98036790825347,26.71630689839756,0 75.98034439332855,26.71648601713835,0 75.98031292889898,26.71666414803933,0 75.98027356579397,26.71684100906618,0 75.98022636588617,26.71701631630133,0 75.98017140616722,26.7171897902357,0 75.98010877370611,26.71736115399785,0 75.98003856766776,26.71753013424292,0 75.97996090031084,26.71769646024306,0 75.97987589602136,26.71785986840819,0 75.97978369024574,26.71802009507104,0 75.97968443058912,26.71817688731329,0 75.9795782757252,26.71832999304242,0 75.97946539444526,26.71847916731797,0 75.97934596667899,26.71862417415026,0 75.97922018344059,26.7187647801812,0 75.97908824487232,26.71890076101762,0 75.97895036325272,26.71903190030785,0 75.9788067579626,26.71915798887373,0 75.9786576574955,26.7192788246969,0 75.97850330047858,26.71939421471748,0 75.9783439336619,26.71950397484815,0 75.97817981092086,26.71960793088391,0 75.97801119423059,26.71970591488426,0 75.97783835372749,26.71979777239545,0 75.97766156463936,26.71988335615199,0 75.97748110831364,26.71996252877821,0 75.97729727524082,26.72003516367027,0 75.97711035601441,26.72010114596147,0 75.97692065136819,26.72016037064752,0 75.97672846412598,26.72021274173924,0 75.97527021440266,26.72058169929937,0 75.97432909899244,26.72086641331567,0 75.97389193792468,26.72297978423,0 75.97356678848695,26.72500348363414,0 75.97340571712154,26.72606686260125,0 75.97328376313466,26.72798461306552,0 75.97327330143864,26.7281156103411,0 75.97325860009225,26.72824627828391,0 75.97323967122121,26.728376507569,0 75.97293818723388,26.73023911978162,0 75.97258944082107,26.73398531147272,0 75.97257158292852,26.73414351602446,0 75.97254752967211,26.73430105705127,0 75.97251731154897,26.73445774023611,0 75.97248096608702,26.73461337031012,0 75.97243853687043,26.73476775467064,0 75.97203884222436,26.73611929990447,0 75.97198579291668,26.73628574449013,0 75.97192567438484,26.73645023957013,0 75.97185857404317,26.73661254438829,0 75.9717845923862,26.73677241900072,0 75.97170383598898,26.73692962883791,0 75.97161642552787,26.73708394194146,0 75.9715224877678,26.73723513263028,0 75.97142216256221,26.73738297693862,0 75.97131559687416,26.7375272589769,0 75.97120294674144,26.73766776550135,0 75.97108437831264,26.7378042895184,0 75.97096006684954,26.73793663119426,0 75.97083019368792,26.73806459516761,0 75.9706949512953,26.73818799412612,0 75.97055453820566,26.7383066443273,0 75.97040916009362,26.73842037371652,0 75.97025903171658,26.73852901378857,0 75.96982120568751,26.73883359401346,0 75.96966483798309,26.73893808165987,0 75.96950407532995,26.73903704777148,0 75.96933916183012,26.73913034440878,0 75.96917034265532,26.73921783084809,0 75.96899787411662,26.73929937531859,0 75.96882201361746,26.73937485597385,0 75.96864302666867,26.73944415813554,0 75.96846118190703,26.73950717974445,0 75.96827675203166,26.73956382322888,0 75.96809001589884,26.73961400542131,0 75.96790125343344,26.73965765037081,0 75.96771074867559,26.73969469293346,0 75.96751878674111,26.73972507608473,0 75.96732565788145,26.73974875540601,0 75.96713165141236,26.73976569461187,0 75.96693705975848,26.73977586823098,0 75.96674217543668,26.73977926162676,0 75.96628530028968,26.73977926249001,0 75.96610869030941,26.73977647621415,0 75.96593229772783,26.7397681205717,0 75.96575634086285,26.73975420671566,0 75.96558103707238,26.73973475122345,0 75.96540660277715,26.73970977880529,0 75.96523325242458,26.73967931870002,0 75.96506120255616,26.73964341006418,0 75.96489066271246,26.73960209661709,0 75.96437668078985,26.73946884229383,0 75.96423149640621,26.73942906013422,0 75.96408771697007,26.73938535998111,0 75.96394547155144,26.73933778339347,0 75.96356474578124,26.73920452848358,0 75.96339442267809,26.73914166512179,0 75.96322677887272,26.73907324276883,0 75.96306203939308,26.73899935379842,0 75.96290042328569,26.7389200969455,0 75.96274214966357,26.7388355790708,0 75.96258742964713,26.73874591340975,0 75.96243647038602,26.73865121954516,0 75.96228947607963,26.73855162520586,0 75.96177550562592,26.73818993592563,0 75.96163406686603,26.73808663144522,0 75.9614968937629,26.73797878923022,0 75.96136416550026,26.73786655252879,0 75.9612360582735,26.73775006822095,0 75.96056981000784,26.73712187372571,0 75.96046031660035,26.7370152549798,0 75.96035469462923,26.73690553222497,0 75.96025305365025,26.73679282028862,0 75.95855890035368,26.73485113339601,0 75.95844779843228,26.73471886577335,0 75.9584284297993,26.73469473794565,0 75.95653909449301,26.73232468992614,0 75.95537636411575,26.73210726765962,0 75.95347770988865,26.73196451381072,0 75.95336186821699,26.73196941834177,0 75.95395132143484,26.73295177383904,0 75.95428329767175,26.73350503323126,0 75.95429859508029,26.73353072473675,0 75.95431649420897,26.73356130374821,0 75.95672927713814,26.73772165635323,0 75.95925623779267,26.74203430921551,0 75.95934002869699,26.74218398009953,0 75.95941757684581,26.74233633931922,0 75.95948877487849,26.74249117725517,0 75.96162093734023,26.74738327539335,0 75.96163050769334,26.74740540530461,0 75.9616489350327,26.74744901813024,0 75.96343843826399,26.75175102120142,0 75.96350024068839,26.7519084041894,0 75.96355552007773,26.75206773100079,0 75.9636042031624,26.75222878275766,0 75.96364622169156,26.75239133964432,0 75.96467432493135,26.75673143703608,0 75.96470003578575,26.75684741991469,0 75.96472235430663,26.75696396756149,0 75.96552204406341,26.76149442873192,0 75.96554496110761,26.76163943686148,0 75.96556262535496,26.76178503780389,0 75.96557501937488,26.76193107549356,0 75.96578454875359,26.76507195256788,0 75.96579161286884,26.76521677247448,0 75.96579349247736,26.76536172160136,0 75.96579018629204,26.76550665009095,0 75.96578169805417,26.76565140805089,0 75.96576803654884,26.76579584735951,0 75.96561580977034,26.76714738492544,0 75.96559338133895,26.76731509163083,0 75.96556397956465,26.76748192768302,0 75.96552764367419,26.76764765898262,0 75.9654844259999,26.76781205495123,0 75.96543438590749,26.76797488405875,0 75.96537759486287,26.76813591830306,0 75.9653141303983,26.76829493325098,0 75.96524408312179,26.76845170437957,0 75.96516755074418,26.76860601433914,0 75.96508464002962,26.76875764571769,0 75.96499546684154,26.76890638645747,0 75.96490015612757,26.76905202804954,0 75.96479884192718,26.76919436643662,0 75.96469166536805,26.76933320292963,0 75.96457877667005,26.76946834329127,0 75.96395060970116,26.77019171605115,0 75.96383198130141,26.77032316716877,0 75.96370794924931,26.77045053450419,0 75.96357868605301,26.77057364172482,0 75.96344437530172,26.77069231422837,0 75.96330520368078,26.77080638641971,0 75.96316136897943,26.77091569714249,0 75.96301307106209,26.77102009244898,0 75.96286051892366,26.77111942735793,0 75.96270392662844,26.77121356136811,0 75.96254351535968,26.77130236295866,0 75.96161074775144,26.77179730729156,0 75.96144196119936,26.77188297034758,0 75.96126962044869,26.7719627285476,0 75.96109398301464,26.77203646366894,0 75.96091530850241,26.77210406650388,0 75.9607338636358,26.77216543682556,0 75.96054991721306,26.77222048161675,0 75.96036374317714,26.77226912136873,0 75.96017561954142,26.77231128196334,0 75.95998582342145,26.77234690192919,0 75.95979464004854,26.77237592786667,0 75.95960235071574,26.7723983163352,0 75.95940924384081,26.77241403377837,0 75.95921560491607,26.77242305749485,0 75.95902172253507,26.7724253746948,0 75.9588278843466,26.77242097981879,0 75.95835197289104,26.77240194419175,0 75.95817242187059,26.77239187059531,0 75.95799338681428,26.77237603875141,0 75.95781509824801,26.7723544687707,0 75.95763778173664,26.77232718892378,0 75.95746166691285,26.77229423287179,0 75.95728697846309,26.77225564424129,0 75.95711393909927,26.77221147118738,0 75.95627633945061,26.77198303505649,0 75.95611245632193,26.77193557321557,0 75.95595048063797,26.77188310304648,0 75.95579060201989,26.7718256855704,0 75.95563300712325,26.77176338814893,0 75.9550809556354,26.77153495167173,0 75.9549180788938,26.77146433891342,0 75.95475813693095,26.77138851320416,0 75.95460133577309,26.77130757337775,0 75.95444788048401,26.77122162369217,0 75.95429796714183,26.77113077659188,0 75.95415179186017,26.77103514903578,0 75.95314288506177,26.77034984353976,0 75.95300623990578,26.77025365049003,0 75.95287337707917,26.77015327892346,0 75.95274445350043,26.77004885057808,0 75.95261962508774,26.76994048810184,0 75.95249903876612,26.76982832142581,0 75.95238283948474,26.76971248500865,0 75.95227116516577,26.76959311516197,0 75.95173817168771,26.76900299427814,0 75.95163256798759,26.76888246182208,0 75.95153262932168,26.76875809942068,0 75.95148748478036,26.76877762798268,0 75.95049760225965,26.76919642847611,0 75.95046082483331,26.76921153097102,0 75.95046858566887,26.76937877499099,0 75.95046927404815,26.769546163045,0 75.95046288994496,26.76971345408239,0 75.95044944137894,26.76988040699757,0 75.95031673479693,26.77119330234344,0 75.95051351083711,26.77343171943579,0 75.95055515414906,26.77345036757144,0 75.95069928195157,26.77352088993536,0 75.95115290345511,26.77375154439599,0 75.95125491401652,26.77377123066831,0 75.95145589052471,26.77379261139361,0 75.95196517817615,26.77376265327996,0 75.95214821524824,26.77375488883667,0 75.95233144509126,26.7737531148371,0 75.95251462635031,26.77375733290245,0 75.95269751359476,26.77376753836283,0 75.95287986633983,26.77378371658544,0 75.9536031944823,26.77385985795314,0 75.9537990238195,26.77388390078191,0 75.95399363985305,26.77391488150419,0 75.95418673743288,26.77395274981603,0 75.95437801434952,26.7739974463671,0 75.95456717133395,26.7740489027608,0 75.95475391201202,26.77410703613746,0 75.95493794397785,26.77417175729249,0 75.95511897773517,26.77424296436366,0 75.95562913150194,26.77391832611805,0 75.95578481436836,26.77382313788024,0 75.95594435945556,26.77373325001625,0 75.95610754252066,26.77364878771159,0 75.95627413424151,26.77356986986697,0 75.95644390221298,26.77349660727938,0 75.95661660792956,26.7734291026625,0 75.95679200879674,26.77336745063327,0 75.95696985813082,26.77331173771188,0 75.95714990817618,26.77326204230149,0 75.95733190406281,26.77321843382632,0 75.95751559185989,26.7731809735801,0 75.95770071454497,26.77314971385055,0 75.95832886809259,26.77305453995339,0 75.95851767328979,26.77302923087937,0 75.95870741164902,26.77301037215944,0 75.95889781084634,26.77299799000813,0 75.9590885964864,26.77299210343296,0 75.95927949306973,26.77299271971376,0 75.95947022704803,26.77299983889612,0 75.95966052176455,26.77301345021441,0 75.95985010450947,26.77303353384961,0 75.96003870048507,26.77306006097013,0 75.96022603984585,26.77309299368414,0 75.96081612478312,26.77320720421924,0 75.96100935817451,26.77324820317612,0 75.9612006384525,26.77329601690514,0 75.96138966629272,26.77335057070532,0 75.96157614832002,26.77341177990589,0 75.96175979407563,26.77347954808116,0 75.96194031504167,26.77355377066836,0 75.96211743165084,26.77363433130866,0 75.96229086828024,26.77372110458955,0 75.96269060777483,26.77393049046995,0 75.96285269105057,26.77401911149766,0 75.9630109328412,26.77411315816229,0 75.96316510873795,26.77421249657992,0 75.96331499930504,26.77431698651384,0 75.96346039105481,26.7744264777565,0 75.96360107749906,26.77454081553928,0 75.96373685709958,26.77465983603211,0 75.96386753631566,26.77478336993407,0 75.96399293061003,26.77491124246627,0 75.96411286039522,26.77504326978819,0 75.96422715409666,26.77517926439358,0 75.96433565115471,26.77531903328432,0 75.96443819497684,26.77546237711541,0 75.96453463999318,26.77560909195261,0 75.96592429953012,26.77781718759081,0 75.96598797840714,26.77792155625621,0 75.96602036172531,26.77797726640845,0 75.96685249471763,26.77943342506178,0 75.96780091687431,26.77933463407609,0 75.96802766056383,26.77783289692676,0 75.96807518268112,26.77678840910701,0 75.96808647152861,26.77661873260917,0 75.96810486987562,26.7764495573398,0 75.96813035055962,26.77628112363016,0 75.96816287937058,26.77611367095578,0 75.96820240799526,26.77594743617911,0 75.96824888207138,26.77578265439739,0 75.96830223516849,26.77561956078928,0 75.96870202925564,26.77447743157892,0 75.96876590834725,26.77430689979073,0 75.9688373082152,26.77413878844526,0 75.96891611441436,26.773973363741,0 75.96900220242901,26.77381089013868,0 75.9690954346022,26.77365162406285,0 75.969195663199,26.77349581929768,0 75.9693027293705,26.7733437233831,0 75.96941646214803,26.77319557762166,0 75.96953668247409,26.77305161795396,0 75.9696631971449,26.77291207229174,0 75.96979580587377,26.77277716317811,0 75.96993429924136,26.7726471032877,0 75.97007845673014,26.77252210085702,0 75.9702280476843,26.77240235426124,0 75.97038283634601,26.77228805288262,0 75.9705425768344,26.77217937804782,0 75.97070701415896,26.7720765039239,0 75.97087588719829,26.77197959298408,0 75.97104892873068,26.77188879961874,0 75.97122586339189,26.77180426653841,0 75.97140641073824,26.77172613016977,0 75.97159028216775,26.77165451345427,0 75.97195194984489,26.77152126816252,0 75.97210017379102,26.77146910532151,0 75.97224094728762,26.77142398571901,0 75.97416152933501,26.77083714720501,0 75.97525035302756,26.77044121700607,0 75.9759256689959,26.76996330799432,0 75.97607466339895,26.76986184139626,0 75.97622775798668,26.76976541838813,0 75.97839779028432,26.7684519995799,0 75.97853641476327,26.76837103897016,0 75.97867792886325,26.76829421390745,0 75.97882218243342,26.7682216066731,0 75.97896901624976,26.7681532969031,0 75.9818229236752,26.76687856561453,0 75.9825448892657,26.7665555850076,0 75.98272586389082,26.76647862142276,0 75.98291010885488,26.7664081875227,0 75.98309733145344,26.76634439366203,0 75.9832872348919,26.76628734209975,0 75.98347951824638,26.76623712248551,0 75.98367387648682,26.76619381456798,0 75.9838700004689,26.76615748729226,0 75.98432684036222,26.76608134806572,0 75.98452178746597,26.76605240131599,0 75.9847178509774,26.76603035123063,0 75.98491472849948,26.76601523240711,0 75.98511211552335,26.76600706772269,0 75.98530970746282,26.7660058710287,0 75.98550719860954,26.76601164264384,0 75.98570428518858,26.76602437384696,0 75.98590066233341,26.76604404599522,0 75.98609602707927,26.76607062779495,0 75.98629007839411,26.76610407891253,0 75.98648251514346,26.76614434728022,0 75.98667304113432,26.76619137086652,0 75.98686136208998,26.7662450767944,0 75.98704718766892,26.76630538223007,0 75.98723023045119,26.76637219348704,0 75.98741020797289,26.76644540872043,0 75.98758684270254,26.7665249152185,0 75.98775986101971,26.76661058760416,0 75.98792899630983,26.76670229684137,0 75.98809398785693,26.76679989850622,0 75.9882545809372,26.76690324361986,0 75.9884105267642,26.76701217232918,0 75.98861991698634,26.76716445286961,0 75.98876220007519,26.76727173045465,0 75.98889988682556,26.76738373637526,0 75.98903278375376,26.76750031039214,0 75.98916070237839,26.76762128952296,0 75.98928346117711,26.76774650170893,0 75.98940088762927,26.76787576941175,0 75.98958859898389,26.76783627803907,0 75.98977788206891,26.76780338400124,0 75.98996844969956,26.76777713714649,0 75.99016001260256,26.76775757831102,0 75.99035227938452,26.76774473570799,0 75.99073297820765,26.76772570133952,0 75.99092435528769,26.76771941044627,0 75.9911158605684,26.76771966556463,0 75.99130721647798,26.76772646502387,0 75.99149814537404,26.76773979902992,0 75.99168837054916,26.76775964965843,0 75.99187761518563,26.76778598634792,0 75.99206560542736,26.76781877219804,0 75.99225206933457,26.76785795946269,0 75.99243673589368,26.76790349136265,0 75.9926193370206,26.76795530116864,0 75.99279960858188,26.76801331399974,0 75.99297728837534,26.76807744593466,0 75.99337943646422,26.76823064622376,0 75.9935226638685,26.76828766830366,0 75.99366384307707,26.76834866702111,0 75.99380283682297,26.76841358556484,0 75.99393951078459,26.76848235897815,0 75.99437732040886,26.7687107791553,0 75.99453963519547,26.76879918506264,0 75.99469811732554,26.76889302730416,0 75.99485253935627,26.76899217297066,0 75.99500268281501,26.76909648006262,0 75.99540294298626,26.76938555211169,0 75.99613138295217,26.76920836366894,0 75.99630730902651,26.76916861311214,0 75.99648471813265,26.76913458383413,0 75.99666337936812,26.76910632169045,0 75.99684305971758,26.76908386081608,0 75.99702352513708,26.76906723264604,0 75.99720454249452,26.76905645777629,0 75.99738587358233,26.76905155142288,0 75.99903106381045,26.76903367069611,0 76.00203063496046,26.76888735302763,0 76.00549775251484,26.76869789657722,0 76.00566424935857,26.76869127929086,0 76.00583089947341,26.76868961893095,0 76.00599751882913,26.76869291590014,0 76.00616392537515,26.7687011669767,0 76.00675400895398,26.76873923811773,0 76.00694919082172,26.76875526734309,0 76.00714352866282,26.76877811125696,0 76.00733672651592,26.76880773585362,0 76.0075284923381,26.76884409536471,0 76.00771853501142,26.76888713498872,0 76.00790656332103,26.76893678909274,0 76.00809229502218,26.76899298295341,0 76.00827544473974,26.7690556292318,0 76.00845573710581,26.76912463510234,0 76.00863289663872,26.7691998951022,0 76.00880665480675,26.76928129378946,0 76.00897674703469,26.76936870847275,0 76.00914291569693,26.76946200648137,0 76.00930490810585,26.7695610451795,0 76.00946247855507,26.76966567556288,0 76.00961538626798,26.76977573775917,0 76.00976340045818,26.76989106460309,0 76.0099062962986,26.77001148076215,0 76.01004385593504,26.77013680363218,0 76.0101758704977,26.77026684332283,0 76.0103021400931,26.77040140175471,0 76.01042247180877,26.77054027447919,0 76.01053668373591,26.77068325064942,0 76.01064460295828,26.77083011303478,0 76.01074606354867,26.77098063893766,0 76.0108409125954,26.77113459924768,0 76.01092900618747,26.771291759373,0 76.01101021045244,26.771451882844,0 76.0110844014927,26.77161472409123,0 76.01115146747686,26.77178003745845,0 76.01121130455323,26.77194757000923,0 76.011553985704,26.77297548480116,0 76.01155780723614,26.77298700348362,0 76.011577093561,26.77304693749289,0 76.01237669052695,26.77559769059831,0 76.01241071208874,26.7757119383764,0 76.01243493004368,26.77580159430565,0 76.01350109399357,26.77993229707129,0 76.01354254890596,26.78010888761615,0 76.01357610676506,26.78028682384639,0 76.01360171270791,26.78046582177786,0 76.01361932693344,26.78064559460895,0 76.0136289207116,26.78082585636038,0 76.01363047836318,26.78100631824977,0 76.01362399828996,26.78118669139264,0 76.01360948997372,26.78136668862954,0 76.01358697595597,26.78154602090055,0 76.01355649389807,26.78172440264752,0 76.01351809151228,26.78190154733624,0 76.01347182963579,26.78207717375418,0 76.01341778417832,26.78225099877405,0 76.01335603916992,26.78242274733461,0 76.01328669371385,26.78259214246,0 76.0132098600553,26.78275891430175,0 76.01312565952624,26.78292279655658,0 76.01303422758284,26.78308352733338,0 76.01293570978235,26.78324084918194,0 76.01283026381101,26.78339451088431,0 76.01271805847028,26.78354426655918,0 76.01259927268725,26.78368987747485,0 76.01247409649655,26.78383110933385,0 76.01234273009067,26.78396773859943,0 76.01220538274218,26.78409954437825,0 76.01206227490349,26.78422631833629,0 76.01191363511728,26.78434785659585,0 76.01175970005662,26.78446396424941,0 76.01160071755841,26.78457445714367,0 76.01143693955046,26.78467915831907,0 76.0112686301062,26.78477789885515,0 76.01109605643995,26.78487052335175,0 76.01091949587573,26.78495688175426,0 76.01073922887021,26.78503683662587,0 76.01055554602948,26.78511026038927,0 76.0103687390563,26.78517703539135,0 76.01017910680086,26.78523705566571,0 76.00998695322501,26.78529022423883,0 76.00979258441637,26.78533645676283,0 76.0091834209403,26.78546971213289,0 76.00902287578887,26.78550234204028,0 76.00886122745833,26.78553023990763,0 76.00869864770507,26.78555337471516,0 76.00780500695223,26.78566711248521,0 76.00650997446313,26.78590567163651,0 76.00638931931837,26.78592652243516,0 76.00629956864582,26.78594026247728,0 76.00593515145779,26.78599300894177,0 76.00698355945455,26.78599300395587,0 76.00717312921421,26.78599620987265,0 76.0073624286558,26.78600582645954,0 76.00755119110771,26.78602183846057,0 76.0077391458268,26.78604422523332,0 76.00815791505031,26.78610133041591,0 76.0083532297805,26.78613150934291,0 76.00854706839053,26.78616856974401,0 76.00873912965203,26.78621245599035,0 76.00892911522517,26.78626309798913,0 76.00911673073611,26.78632041930133,0 76.00930168469888,26.78638432902386,0 76.00948368857924,26.78645472901169,0 76.00966246278952,26.78653150932084,0 76.00983772666191,26.78661455189108,0 76.0100092094727,26.78670372595324,0 76.01017664546873,26.78679889438409,0 76.01033977282154,26.78689990919983,0 76.01049834068412,26.78700661331111,0 76.01065210115198,26.78711884148315,0 76.01080081528221,26.78723641848706,0 76.01094425413132,26.78735916270349,0 76.01108219269591,26.78748688345735,0 76.01121441797571,26.78761938276584,0 76.01134072392811,26.78775645356855,0 76.01146091553174,26.78789788421248,0 76.01157480573694,26.78804345486248,0 76.01168902233079,26.78819573722237,0 76.01179157758426,26.78833817556982,0 76.01188809906464,26.78848397112977,0 76.01197845012858,26.78863291724648,0 76.01206250416509,26.78878480448366,0 76.01214014156201,26.78893941884058,0 76.01221125270767,26.78909653992487,0 76.01227573704925,26.78925594818156,0 76.01242803730278,26.78965569291164,0 76.01248439943321,26.78981297161903,0 76.01253430994665,26.78997199639749,0 76.01257770354856,26.79013255375702,0 76.01261452196837,26.79029442835097,0 76.01264471396753,26.79045740387882,0 76.01266824036125,26.79062126214739,0 76.01268506999506,26.79078578309966,0 76.01269517976103,26.79095074662011,0 76.01269855559585,26.79111593162485,0 76.01269857569635,26.79155375158301,0 76.01269617468766,26.79169337261551,0 76.01267716387332,26.79224540756072,0 76.01266904156876,26.79239779809333,0 76.01265518523003,26.79254985405853,0 76.01263561041198,26.79270140381156,0 76.012610340693,26.79285227294125,0 76.01257940369963,26.79300228971517,0 76.01244617873128,26.79359239977324,0 76.0124084981211,26.79374557847784,0 76.01236490805258,26.79389748945115,0 76.01231546320844,26.79404794902864,0 76.01226022332614,26.79419677621741,0 76.01205084991798,26.79472978177303,0 76.01199177128866,26.79487246203147,0 76.01192736425627,26.79501327272168,0 76.01185770385324,26.79515205531044,0 76.01178286913702,26.79528865123528,0 76.01155445314517,26.79568840680553,0 76.01146155466746,26.7958434656935,0 76.01136198942234,26.79599515413002,0 76.01125590828546,26.79614324442096,0 76.01114347320069,26.79628750879266,0 76.01102485425045,26.7964277293438,0 76.01090023261762,26.79656369170464,0 76.01076979760779,26.79669518957251,0 76.01063374663333,26.79682202290644,0 76.01008171279169,26.79731696480583,0 76.00995908849262,26.79742333092075,0 76.00983225612461,26.79752564627916,0 76.00970138250914,26.79762377696851,0 76.00972121357758,26.79797762045586,0 76.00996660779073,26.80141102852742,0 76.00997113723194,26.80148350920309,0 76.00997605887989,26.80161627884515,0 76.01005786757925,26.80557565413565,0 76.0127025242254,26.80549946212434,0 76.0149351161257,26.80511118497584,0 76.01509494429011,26.80508578086201,0 76.01525560247913,26.80506501732732,0 76.01541692388895,26.80504891542652,0 76.01557873966397,26.80503749171586,0 76.01574088192271,26.80503075913412,0 76.01644517478056,26.80501172542601,0 76.01664074420695,26.80500985263647,0 76.01683624671141,26.80501480341627,0 76.01703138646205,26.80502656905647,0 76.01722586956645,26.80504513271067,0 76.01741940203503,26.80507046670116,0 76.01761169077891,26.80510253160891,0 76.01780244464767,26.80514127987743,0 76.01799137640916,26.80518665218711,0 76.01817819875727,26.80523858109517,0 76.01836263131358,26.80529698647131,0 76.01854439463934,26.80536178095742,0 76.01872321423525,26.80543286723035,0 76.01889881852104,26.80551013711367,0 76.01907094287557,26.80559347335396,0 76.0192393276327,26.8056827505381,0 76.01940371807302,26.80577783419034,0 76.01956386542172,26.80587857986223,0 76.01971952687264,26.80598483584074,0 76.01987046858204,26.80609644041823,0 76.02001646067882,26.80621322644225,0 76.02015728425809,26.80633501584824,0 76.02029272540163,26.80646162602208,0 76.02042258015946,26.80659286434734,0 76.02054665056612,26.80672853274782,0 76.02066475066886,26.80686842674118,0 76.02077670148937,26.80701233457237,0 76.02088233304404,26.80716003810174,0 76.02098148737835,26.80731131458862,0 76.02107401252256,26.80746593583207,0 76.02115977053215,26.8076236672099,0 76.02123862947197,26.80778427134766,0 76.02131047243023,26.80794750353947,0 76.02137518953526,26.80811311902791,0 76.02143268292903,26.80828086664854,0 76.02148286580199,26.80845049335069,0 76.02171132668852,26.80928805518135,0 76.02174117935539,26.80940410567401,0 76.02208117234953,26.8108101967322,0 76.02268578542076,26.81224600892799,0 76.02431467840948,26.8158030466692,0 76.0243812537167,26.81595631115246,0 76.02444156224178,26.81611165044451,0 76.0244955226127,26.81626885749947,0 76.02582817903807,26.82041858805454,0 76.02587069907629,26.8205595123512,0 76.02588710044169,26.82061928675375,0 76.02681998851676,26.8241218170217,0 76.02683576393271,26.82418291659555,0 76.02729269398519,26.82601032452637,0 76.02732881948583,26.82616688950237,0 76.02735848960657,26.82632454225665,0 76.02738166415591,26.82648306912316,0 76.02739831298737,26.82664225455645,0 76.0274690352059,26.8266487467173,0 76.02747531055883,26.8266494405381,0 76.02953108379445,26.82687786215838,0 76.02971605840909,26.82690154974045,0 76.02989992440932,26.82693138324877,0 76.0300824288735,26.8269673211941,0 76.0302633208179,26.82700931394923,0 76.03095773261165,26.82718291815132,0 76.03264276357346,26.82741139767315,0 76.03353554538897,26.82744859787753,0 76.03687388832238,26.82732876367716,0 76.04003045961002,26.82703850562083,0 76.04015032091782,26.82702878079106,0 76.04023686052177,26.82702336791988,0 76.04301596163823,26.82687109165233,0 76.04313041785039,26.82686599214001,0 76.0431954061763,26.82686413896749,0 76.04529016723572,26.82681654820992,0 76.04573825146031,26.82639087600383,0 76.04779423590735,26.82322076354777,0 76.05015309158607,26.81837643486936,0 76.05022606586552,26.81823341921075,0 76.05030454958234,26.81809277127849,0 76.05038844669925,26.81795466240441,0 76.0504776561166,26.81781926034629,0 76.05057206865428,26.81768672931035,0 76.05127640992966,26.81673496492959,0 76.05138896747897,26.81658916567073,0 76.05150782183428,26.81644744530451,0 76.05163278988412,26.8163100245546,0 76.05176367736132,26.81617711429662,0 76.0519002819115,26.8160489209523,0 76.0520423950552,26.81592564105813,0 76.05218979518689,26.81580746583153,0 76.05234225558216,26.81569457659758,0 76.05249954040659,26.81558714842982,0 76.05266140771737,26.81548534832261,0 76.05282760641155,26.81538933160273,0 76.05299788129817,26.81529924640567,0 76.05317196806763,26.8152152337133,0 76.05334959927815,26.81513742189257,0 76.05353049935847,26.81506593034403,0 76.0537143896549,26.81500087126995,0 76.05390098736656,26.81494234336277,0 76.05409000259374,26.81489043904951,0 76.05428114429907,26.81484523632236,0 76.05472070578693,26.81474967897762,0 76.05490833125647,26.81471228097255,0 76.05509741192886,26.81468133947396,0 76.05528767057065,26.81465690168202,0 76.05547883184454,26.8146390021451,0 76.0556706153084,26.81462766732593,0 76.05586274143478,26.81462291375117,0 76.05605492960686,26.81462474892925,0 76.05624689909926,26.81463316863457,0 76.05643837013402,26.81464816231642,0 76.05662906382187,26.81466970677989,0 76.05706686724243,26.8147268128511,0 76.05726046311355,26.81475553364196,0 76.05745266279766,26.81479100664295,0 76.05764317404103,26.81483317806969,0 76.05783170851245,26.81488198327661,0 76.05801797779537,26.81493734859226,0 76.05820169940758,26.81499918946887,0 76.05838259379095,26.8150674114074,0 76.05856038532579,26.81514191085275,0 76.05873480433448,26.81522257427592,0 76.05936296527106,26.81552713504223,0 76.05942025529437,26.81555534456197,0 76.06094957065912,26.8163200001377,0 76.06194280522126,26.81665107685502,0 76.06523582694028,26.81756580394856,0 76.06540127476163,26.81761459118198,0 76.06556474201059,26.8176684857665,0 76.06572603192281,26.8177274259949,0 76.06875261320585,26.81888856375387,0 76.06892875313693,26.81895975630862,0 76.06910171781212,26.81903696353202,0 76.06927125061198,26.81912007181701,0 76.07149837092783,26.82026217548795,0 76.07166217890102,26.82034977671122,0 76.07182204886441,26.82044305179559,0 76.07197773698569,26.82054185725201,0 76.07212900440094,26.82064604323501,0 76.0738470798541,26.82006550979057,0 76.07448533156554,26.81924253819815,0 76.0745981124057,26.81910288366263,0 76.07471675729146,26.8189671964987,0 76.07484109199791,26.81883567482304,0 76.07497093520064,26.81870851048649,0 76.07510609847562,26.81858588907429,0 76.07645763203479,26.81740570921723,0 76.07659287235386,26.81729189254117,0 76.07673269528011,26.8171826243296,0 76.07687691004011,26.81707805317501,0 76.07702532278491,26.81697832137409,0 76.07717772953873,26.81688356407868,0 76.07733392527098,26.8167939110324,0 76.07749369580459,26.81670948211835,0 76.07765682593318,26.81663039451974,0 76.07782309329883,26.81655675373872,0 76.07811275836428,26.816434363017,0 76.07813992714473,26.81625700024548,0 76.07817491723627,26.81608074428668,0 76.07821767185739,26.81590587182121,0 76.07826812416678,26.81573265960515,0 76.07832619419411,26.8155613790767,0 76.07839179190118,26.81539230084682,0 76.07846481210912,26.81522569022409,0 76.07854514155825,26.81506180896652,0 76.07863265288896,26.81490091713303,0 76.07872720859776,26.8147432658312,0 76.0788286590938,26.81458910445442,0 76.07893684566596,26.81443867524263,0 76.07905159748188,26.81429221511091,0 76.07917273359158,26.81414995473156,0 76.07930006393383,26.81401211852649,0 76.07943338729834,26.81387892197457,0 76.07957249438681,26.8137505761023,0 76.07971716575801,26.81362728298577,0 76.07986717484619,26.81350923572761,0 76.08002228396228,26.81339662119614,0 76.08018224928152,26.81328961547342,0 76.08034681987154,26.81318838747398,0 76.08051573566304,26.81309309715483,0 76.08068873045939,26.81300389458987,0 76.08086553394004,26.81292091905188,0 76.08104586564963,26.81284430176693,0 76.0812294420147,26.81277416315252,0 76.0814159753545,26.81271061463084,0 76.08160517082841,26.81265375504097,0 76.08179673150022,26.81260367421153,0 76.08199035429661,26.81256045118604,0 76.08218573704075,26.81252415326636,0 76.08238256942313,26.81249483879026,0 76.08258054302777,26.81247255344364,0 76.08277934631866,26.81245733210443,0 76.08297866564558,26.81244919883503,0 76.0831781872474,26.81244816596415,0 76.08357714555513,26.81245315350398,0 76.08375841769269,26.81245835242869,0 76.08393936224373,26.81246941181438,0 76.08411974566579,26.81248631629744,0 76.08429933334132,26.81250904330138,0 76.08447789059214,26.81253756393186,0 76.0847212195899,26.81258050472455,0 76.0853764213786,26.81267638840517,0 76.08679749421344,26.81286094488866,0 76.08696634983183,26.81288551041343,0 76.08713417693994,26.81291521236398,0 76.08730078206752,26.81295001792373,0 76.08746597265483,26.81298988433932,0 76.08762955613278,26.81303476795556,0 76.08913332410351,26.81347257388319,0 76.08931772661576,26.8135298295946,0 76.08949951590519,26.81359345898314,0 76.08967841841168,26.81366336576052,0 76.08985416551705,26.81373944457375,0 76.09131987318359,26.81440567182106,0 76.0914915744179,26.81448749527172,0 76.09165962464451,26.81457520935547,0 76.09182377210472,26.81466868422012,0 76.09198377198456,26.81476778003018,0 76.09213938441977,26.81487234878771,0 76.09229037852012,26.81498223430116,0 76.09243652834491,26.81509727221638,0 76.09257761492374,26.81521729090355,0 76.09271342726267,26.81534211144949,0 76.09284376435612,26.81547154764192,0 76.09296843014806,26.81560540510539,0 76.09308723859694,26.81574348487338,0 76.09320001163754,26.81588558069543,0 76.0933065822081,26.81603147991644,0 76.0935730895564,26.81641218547991,0 76.09366616781588,26.81655058810364,0 76.09375366373861,26.81669189291842,0 76.09383546388352,26.81683591844899,0 76.09391146482525,26.81698247862841,0 76.09398156815844,26.8171313864477,0 76.09404568349009,26.81728245122432,0 76.09410373046063,26.8174354794893,0 76.09429410663461,26.81796847141183,0 76.09434759863414,26.8181283426643,0 76.09439446494103,26.81828987930421,0 76.09443464403563,26.81845285972943,0 76.09446807841285,26.81861706140314,0 76.09449472363728,26.8187822607838,0 76.09451454328691,26.81894823065587,0 76.09452750999394,26.81911474373287,0 76.09460371121237,26.8204472380456,0 76.09460841585083,26.82055432602054,0 76.09461028467769,26.82066148467863,0 76.09462952249508,26.82523004313199,0 76.09462634760922,26.82540833042598,0 76.09461532657471,26.82558636695279,0 76.09459647680616,26.82576387451941,0 76.09456982678655,26.82594057484594,0 76.09453541811453,26.82611619316088,0 76.09440219468735,26.82672533856366,0 76.09436005050765,26.82689981505502,0 76.09431024289268,26.82707265808337,0 76.09425284870494,26.8272435971148,0 76.09418795791507,26.82741236422125,0 76.09411567159846,26.82757869499894,0 76.09403610393913,26.82774232765,0 76.09394938026102,26.82790300751184,0 76.09385563496366,26.82806048165643,0 76.09375501559057,26.82821450337286,0 76.09364767980216,26.82836483128806,0 76.09353379538452,26.8285112302697,0 76.09341354124709,26.82865347051564,0 76.09328710643396,26.82879132936746,0 76.09315468809415,26.82892458952056,0 76.09301649353739,26.82905304352233,0 76.09287274120585,26.82917649015375,0 76.09286824962237,26.82919017041867,0 76.09259200221261,26.83041378788037,0 76.09258167954687,26.83064702672096,0 76.09270094721323,26.83076848691477,0 76.09281494335188,26.83089395454807,0 76.0929235021673,26.83102324584375,0 76.09302646284053,26.83115617156953,0 76.09320067227752,26.83114070242048,0 76.09337484752771,26.83113111043968,0 76.09482150229026,26.83107400742127,0 76.09501137533911,26.83106973121868,0 76.09520129312107,26.83107188674209,0 76.09539098393518,26.8310804706775,0 76.09558017902963,26.8310954724673,0 76.09576860852449,26.83111686892505,0 76.09595600347609,26.83114462963626,0 76.09614209687432,26.83117871604779,0 76.09632662362499,26.83121907966245,0 76.09650932054969,26.83126566203893,0 76.09668992842404,26.8313183974843,0 76.09686818893276,26.8313772103693,0 76.09704384871185,26.83144201690242,0 76.09738648020867,26.83157526267946,0 76.09756710445139,26.8316493368212,0 76.09774432933592,26.8317297484529,0 76.09814406770929,26.83192009978412,0 76.09831062814138,26.83200307701611,0 76.09847356877577,26.83209165141354,0 76.09863265393946,26.83218569662344,0 76.09878765591974,26.83228507720408,0 76.09893835398384,26.83238965134066,0 76.0990845313342,26.8324992681607,0 76.09922597715551,26.83261377132904,0 76.09936249062244,26.83273299721105,0 76.09949387484447,26.83285677311412,0 76.09961994094333,26.83298492267245,0 76.09974051003056,26.83311726222047,0 76.09985540717874,26.8332536017424,0 76.09996446847407,26.83339374572015,0 76.10006753799752,26.83353749315661,0 76.10026128015643,26.83381928472657,0 76.10047375752316,26.83412027957187,0 76.10057241308131,26.83426605427411,0 76.10066485895231,26.83441506764222,0 76.10075096527523,26.83456710854545,0 76.10083060814563,26.83472195768114,0 76.10090367371936,26.83487939566786,0 76.10097005715403,26.83503919763681,0 76.1010296656367,26.83520113411097,0 76.10108241239888,26.8353649764683,0 76.10112822266689,26.83553048786757,0 76.10116703074816,26.83569743410436,0 76.10131934605639,26.83642078428739,0 76.10135202838481,26.83659451919695,0 76.10137712769692,26.8367692655675,0 76.10139460616261,26.83694475737796,0 76.10140443702009,26.83712072851994,0 76.10140660352603,26.83729690829193,0 76.1014011050809,26.83747303037939,0 76.10138794810287,26.83764882570357,0 76.10134790314734,26.838062813315,0 76.1013315066209,26.8398421862153,0 76.10137104202866,26.84082949132323,0 76.10168128649771,26.8423028464865,0 76.10168626077115,26.84232682620727,0 76.10204801249755,26.84409713017828,0 76.10207965799764,26.84427107767261,0 76.10210370956428,26.84444600065177,0 76.10212013036869,26.84462163308729,0 76.10212889462484,26.84479770615516,0 76.10212998863104,26.84497395183877,0 76.10212341176776,26.84515010201831,0 76.1021091734615,26.84532588668897,0 76.10208729525012,26.84550103936139,0 76.10205781073941,26.84567529254822,0 76.10202076461449,26.84584837957733,0 76.10197621368143,26.84602003819488,0 76.10192422580867,26.84619000515692,0 76.10186487998846,26.84635802254843,0 76.10179826729971,26.84652383326195,0 76.10172448792424,26.84668718463201,0 76.10164365517227,26.84684782840387,0 76.1015558924374,26.84700551804896,0 76.10146133325797,26.84716001508395,0 76.10136012225374,26.84731108184131,0 76.10122687671388,26.84750144320422,0 76.1011207584031,26.84764676119312,0 76.10100848414425,26.84778830917803,0 76.1008902209776,26.84792587730233,0 76.10076614404966,26.84805926106268,0 76.10063643663951,26.8481882640173,0 76.10050129011516,26.84831269327248,0 76.10036090601624,26.84843236668878,0 76.10021549194988,26.84854710478799,0 76.10006526368208,26.84865673886207,0 76.09991044207482,26.84876110648308,0 76.09975125813548,26.84886005326971,0 76.09958794797608,26.84895343202368,0 76.09942075182427,26.8490411045432,0 76.09924991804007,26.84912294068898,0 76.09907570011403,26.84919882021328,0 76.09889835562585,26.84926862915702,0 76.09871814731159,26.84933226616092,0 76.09848971212318,26.84940841183916,0 76.09831010906375,26.84946483673827,0 76.09812825556084,26.84951512915174,0 76.09794441163287,26.84955921844028,0 76.09775884138632,26.84959704025361,0 76.09725096274862,26.84969153079073,0 76.09657551801811,26.84989936035979,0 76.09570163196261,26.85017352336253,0 76.09503323836688,26.85040693361456,0 76.09456546267872,26.85067133144609,0 76.0944247082992,26.8507480314586,0 76.09428123033059,26.85082055899585,0 76.09413518303082,26.8508888361195,0 76.09320241104791,26.85130763619132,0 76.0930806112646,26.85136121259124,0 76.09295637576531,26.85141008346377,0 76.09304383627632,26.85156756465958,0 76.09312434947258,26.85172799923018,0 76.09319779117936,26.8518911407859,0 76.09326404825535,26.85205673923995,0 76.09332301958185,26.85222453899509,0 76.09337461408484,26.85239428256994,0 76.09341875274812,26.85256571058341,0 76.09345536756364,26.85273855724879,0 76.09364288937739,26.85372708140874,0 76.09397699391911,26.85506327365452,0 76.09452907227337,26.8565458315046,0 76.09530386394972,26.85837072049112,0 76.09614806730805,26.86009490993509,0 76.09621032641209,26.86022778750417,0 76.09626782304535,26.86036237933393,0 76.096320499508,26.86049854865546,0 76.09708200275884,26.86257341147987,0 76.09714105237511,26.86274582444928,0 76.09719237461063,26.8629202157666,0 76.09723588823397,26.86309630711282,0 76.09727152304861,26.86327381647105,0 76.09729922194116,26.86345246172168,0 76.09731894184463,26.86363195612089,0 76.0973306497649,26.86381201374824,0 76.09733432880263,26.86399234765421,0 76.09732997109934,26.86417266901222,0 76.09729193554162,26.86499120453207,0 76.09728037290506,26.86516207283352,0 76.09726159495736,26.86533242477847,0 76.09723562850341,26.86550201640669,0 76.09720250938997,26.86567060188108,0 76.09716228660173,26.86583794067818,0 76.09711501817449,26.86600379130053,0 76.09688661987627,26.86674619034404,0 76.0968314736793,26.86691284950132,0 76.0967692131251,26.86707748203387,0 76.09669993042338,26.86723984075923,0 76.09662372693174,26.86739968745079,0 76.0965407170949,26.86755678377962,0 76.09645102346445,26.8677108967698,0 76.09635477768812,26.86786179698526,0 76.09593600900521,26.86848998724787,0 76.09583066250947,26.86864115449083,0 76.09571874256841,26.86878847351954,0 76.09560042311374,26.8689317145679,0 76.09547588920472,26.86907065319982,0 76.09534533504994,26.86920507393588,0 76.09520896396379,26.8693347657398,0 76.09506698842755,26.86945952833767,0 76.09491963001973,26.86957916499625,0 76.09476711949439,26.86969349064758,0 76.09429122273347,26.87003614300299,0 76.09414133986661,26.87013996279034,0 76.09398720861469,26.87023865141638,0 76.09382904507739,26.87033206906968,0 76.09366707450312,26.87042008489635,0 76.09350152722777,26.87050257342047,0 76.09333263568117,26.87057941727565,0 76.09232371713266,26.87101725415301,0 76.09218165118108,26.87107647654409,0 76.09166526260125,26.87128303512004,0 76.09133269664709,26.87147307536733,0 76.0906785541323,26.87190917825647,0 76.09064496639545,26.8719313767794,0 76.08969793170056,26.87255186805938,0 76.0896426290535,26.87270809147105,0 76.08958097586303,26.87286239215321,0 76.0895130566831,26.87301456180724,0 76.08943896113686,26.87316439570587,0 76.08935878994771,26.873311691744,0 76.08927264994105,26.87345625408829,0 76.08918065800164,26.87359788592457,0 76.08908293713375,26.87373639851609,0 76.08887355118246,26.87402193942281,0 76.08876291545424,26.87416661075808,0 76.08864609364142,26.87430731681279,0 76.08852326289454,26.87444384586012,0 76.08839460947868,26.87457599151959,0 76.0882603267688,26.8747035536752,0 76.08812061728031,26.87482634026564,0 76.08797569365854,26.8749441654711,0 76.08782577366279,26.87505685155767,0 76.08767108318629,26.87516422885409,0 76.08738554408468,26.8753545914926,0 76.08723559505562,26.87545078613693,0 76.08708181890074,26.87554199061701,0 76.08692441984161,26.87562808418276,0 76.08676361018969,26.87570894963355,0 76.08573565894722,26.87620389578851,0 76.08557200056127,26.87627927123828,0 76.08540537986576,26.87634923272083,0 76.08523601947096,26.87641368643235,0 76.08506414508652,26.87647254667123,0 76.08488998651079,26.87652573402472,0 76.08471377664985,26.87657317808502,0 76.08453575149152,26.87661481474117,0 76.08435614711974,26.87665058981304,0 76.08417520570256,26.87668045358891,0 76.08222018232974,26.87697009000171,0 76.08070564333309,26.87725155767502,0 76.07994879878531,26.8775555941828,0 76.07983049509693,26.87768945243032,0 76.07970661199097,26.87781918778765,0 76.07957732587903,26.87794461382288,0 76.0794428252981,26.87806554852527,0 76.0793033018938,26.87818181888827,0 76.07915895943728,26.87829325632669,0 76.0790100038016,26.87839970126742,0 76.07885664997393,26.87850099948476,0 76.07869911906134,26.87859700483175,0 76.07853763829922,26.878687580143,0 76.07837244001037,26.87877259363158,0 76.07820376265428,26.87885192339509,0 76.07803184879671,26.87892545562556,0 76.0775178712032,26.87913485580308,0 76.07734446443719,26.87920201233203,0 76.07716837011479,26.87926328766649,0 76.07698983508361,26.87931859415055,0 76.0768091123271,26.87936785401314,0 76.07662645492465,26.87941099941419,0 76.07644212104175,26.87944796789277,0 76.07625636996308,26.87947870871676,0 76.07586607938994,26.87953653018156,0 76.07534790654277,26.87963728687649,0 76.07440244897398,26.87983728926867,0 76.07433829941424,26.8798504619865,0 76.07433038922112,26.87985203157716,0 76.07269326117745,26.88017565324474,0 76.07250369939553,26.88020971416052,0 76.0724791095396,26.88021363740928,0 76.07077167234955,26.88048211240102,0 76.07083163669876,26.88061550338131,0 76.07088656667276,26.88075062610243,0 76.07093640040957,26.88088732756661,0 76.07112677743368,26.88143935598126,0 76.07118112864934,26.88160858007016,0 76.07122807697211,26.88177957734453,0 76.07126755144846,26.88195208654386,0 76.07129949217986,26.88212584451724,0 76.0713238493334,26.8823005880363,0 76.07134058713463,26.88247605015388,0 76.07134967988375,26.88265196474797,0 76.07135111292847,26.88282806290327,0 76.07134488472021,26.88300407740953,0 76.07133100376873,26.88317974007615,0 76.07130949268633,26.88335478350718,0 76.07128038416965,26.8835289420346,0 76.07124372097462,26.88370194901008,0 76.07119955897916,26.88387354129582,0 76.07114796718362,26.88404345926447,0 76.07108902163664,26.88421144323416,0 76.07103192034968,26.88436373009679,0 76.07096524919054,26.88453061702055,0 76.070891321779,26.8846950266142,0 76.07081025149378,26.88485670703483,0 76.0707221638134,26.88501540815252,0 76.07062719333034,26.8851708851842,0 76.0705254887848,26.88532289865558,0 76.07041720499402,26.88547121265682,0 76.07030250995913,26.88561560110831,0 76.07018157974652,26.88575583877174,0 76.07005460259991,26.88589171024681,0 76.06992177185934,26.88602300641396,0 76.06978329502177,26.88614952436578,0 76.06963938368233,26.88627106838614,0 76.06949026160523,26.88638745169472,0 76.06926183149751,26.8865587779836,0 76.06910605161569,26.88667097995585,0 76.06894542705877,26.88677754895585,0 76.06878021400399,26.88687831782023,0 76.06861066972367,26.88697312840581,0 76.06843706264377,26.88706183061087,0 76.06825966632043,26.88714428422626,0 76.06807876046356,26.88722036073351,0 76.06789462988741,26.8872899387989,0 76.06770756355469,26.88735290969746,0 76.06635088009334,26.88778224450143,0 76.06474322795917,26.88839385551473,0 76.06456587973688,26.88845778907987,0 76.06438595222818,26.88851563905906,0 76.06420370443642,26.88856732224064,0 76.06197645251105,26.8891574536102,0 76.0618003859025,26.8892010037603,0 76.0616226735776,26.88923879909279,0 76.06144354866385,26.88927078819638,0 76.06126324740285,26.88929692956809,0 76.061082007103,26.88931718801752,0 76.06090006617293,26.88933153827777,0 76.06029090059535,26.88936961209456,0 76.06023466841397,26.88937284268713,0 76.06007948707007,26.88937882539776,0 76.05878875144913,26.88941069825829,0 76.05803620425584,26.88949705603995,0 76.05632840772199,26.88979330819225,0 76.05617902158207,26.88981713283453,0 76.05602890302417,26.88983690930225,0 76.05231680163553,26.89027475150424,0 76.05216440418518,26.89029061014877,0 76.05201153914094,26.89030229764325,0 76.05185834736612,26.89030980210351,0 76.05170497178796,26.89031311704737,0 76.04930637994822,26.89033215640465,0 76.04911130782037,26.89033031369639,0 76.04891646207042,26.89032169454986,0 76.04872213483704,26.8903063121438,0 76.04852861835857,26.89028419049114,0 76.04833620293431,26.89025536174592,0 76.04814517796429,26.89021986980657,0 76.04795582991051,26.89017776762266,0 76.04776844431862,26.89012911808271,0 76.04758330080041,26.89007399585687,0 76.04740067902432,26.89001248193577,0 76.04722085272447,26.88994466909158,0 76.04554566100558,26.88927839767682,0 76.04552512767727,26.88927018173657,0 76.04535124698194,26.88919657803563,0 76.04329533515252,26.88828283416574,0 76.04313030120643,26.88820604681323,0 76.04296854229284,26.88812384726409,0 76.04281027893546,26.88803634674939,0 76.04265572771169,26.8879436655579,0 76.04250509920578,26.88784592944009,0 76.0423585990322,26.88774327140602,0 76.04221642683696,26.88763583263533,0 76.04207877727956,26.88752375976169,0 76.04194583700438,26.88740720399215,0 76.04181778771059,26.88728632650124,0 76.04088504216875,26.88637258910995,0 76.04076419240586,26.88624980052494,0 76.04064838996121,26.88612316218828,0 76.04053778736983,26.88599284000424,0 76.04043253016688,26.88585900534525,0 76.04033275688768,26.88572183505192,0 76.04023859804454,26.8855815096349,0 76.04015017915518,26.8854382141553,0 76.03990272576253,26.88501942063741,0 76.03981422372587,26.8848625449235,0 76.03973265947843,26.8847026741056,0 76.03965816008655,26.88454005372152,0 76.03959083857785,26.88437493573122,0 76.03953080095548,26.88420757485383,0 76.03947813814447,26.88403822862695,0 76.03943293305562,26.88386715916009,0 76.03939525350555,26.8836946295756,0 76.0391365467983,26.8836850481669,0 76.03895458828312,26.88367541021635,0 76.03877314325557,26.88365982702013,0 76.038592453569,26.88363832027421,0 76.03841275811394,26.88361091801705,0 76.03823429686126,26.88357765640549,0 76.0380573078501,26.88353858063954,0 76.0378820261562,26.8834937422617,0 76.03770868490678,26.88344320005218,0 76.03703109861691,26.88374133858853,0 76.03689021015832,26.88380092191396,0 76.03674733345888,26.88385656638899,0 76.03660260498999,26.88390822135293,0 76.03325221989248,26.88505040736419,0 76.0331114344724,26.88509626296912,0 76.03296918998446,26.88513834191235,0 76.03282561094655,26.88517660716759,0 76.02814267013817,26.88635686815405,0 76.02797374088208,26.88639661935026,0 76.02780337636106,26.8864310913555,0 76.02616624685734,26.88673567568666,0 76.0259976422461,26.88676436393678,0 76.02582804445257,26.88678788171015,0 76.02565765159905,26.88680620228638,0 76.02548666085049,26.88681930436966,0 76.02531527143475,26.8868271720669,0 76.02514368263698,26.88682979580499,0 76.02384920494377,26.8868297974317,0 76.0236962982676,26.88682771410719,0 76.02354353429196,26.88682146682639,0 76.02339105101437,26.8868110609093,0 76.02106860571152,26.88662069940668,0 76.02088371774171,26.88660244861723,0 76.02069970821502,26.88657808567738,0 76.02051682814764,26.88654764308272,0 76.01771847621336,26.88603366286316,0 76.01755516928931,26.88600112176416,0 76.01739315908465,26.88596373218507,0 76.01502758936091,26.88538002719058,0 76.01232077867542,26.88529176111113,0 76.01004097773833,26.88538741948517,0 76.00804690794503,26.88563842604855,0 76.00697142473641,26.88597754527497,0 76.00605718579368,26.88650840049129,0 76.00472891027495,26.88759998195275,0 76.00414065499878,26.88825689416257,0 76.00350800067528,26.88935071198569,0 76.00317463412317,26.89049765738756,0 76.00312044559657,26.89067000675782,0 76.00305867625721,26.89084029288932,0 76.00298942238695,26.89100824876587,0 76.0029127923671,26.89117360908996,0 76.00282890872406,26.89133611387942,0 76.00273790309561,26.89149550850331,0 76.00263991720608,26.89165154006387,0 76.00253510595057,26.8918039645971,0 76.00242363431904,26.89195254077511,0 76.0023056784589,26.89209703621829,0 76.00218142261505,26.89223722300319,0 76.00195299762412,26.89248469329648,0 76.00182636135995,26.89261662258252,0 76.00169414656399,26.89274407645871,0 76.00155654990037,26.89286686392915,0 76.00141377416473,26.8929848038852,0 76.00126603327831,26.89309772055632,0 76.00111354727005,26.89320544535129,0 76.00095654127757,26.89330781776822,0 76.00079525059708,26.89340468716443,0 76.00062991359589,26.89349590829285,0 76.00046077678617,26.89358134578008,0 76.00028809078164,26.89366087234964,0 76.00011211433268,26.89373436969621,0 75.99993310828535,26.89380172852854,0 75.99975133860949,26.89386284945087,0 75.99956707436917,26.89391764117183,0 75.99938059276443,26.89396602137161,0 75.99919216807207,26.89400791858581,0 75.99900208170561,26.8940432712317,0 75.99881061716509,26.89407202583823,0 75.99861805804709,26.89409413976865,0 75.99842469105694,26.89410958029645,0 75.99823080399486,26.89411832461957,0 75.9980366847489,26.89412035986759,0 75.99784262229358,26.89411568219191,0 75.99764890570663,26.89410429948105,0 75.99745582212329,26.89408622776392,0 75.99728449479012,26.89406719147198,0 75.99725406974737,26.89406372649746,0 75.99682627958239,26.89401381988558,0 75.99680047079767,26.89401743262416,0 75.99627341874717,26.89413356387824,0 75.99595623452521,26.89425325749098,0 75.99580364188454,26.89433500409778,0 75.99492712017104,26.89484339486606,0 75.99479404503894,26.89491796656878,0 75.9946584427812,26.8949887831765,0 75.99452044469921,26.89505577514517,0 75.99334813406755,26.89560386428184,0 75.9931755512558,26.8956808194459,0 75.99299980964756,26.8957517948473,0 75.99282116611305,26.89581668575014,0 75.99263988264578,26.89587539731425,0 75.99245622535547,26.89592784460244,0 75.99227046443632,26.89597394896953,0 75.99208287018682,26.89601364350719,0 75.99189371802004,26.89604687030046,0 75.99057433045357,26.89625519699115,0 75.98906808306349,26.89963120339887,0 75.98899946741867,26.89977748035573,0 75.98892515892554,26.89992150404924,0 75.98884524966415,26.90006309687886,0 75.98875983778098,26.90020208390951,0 75.9872132541239,26.90261728217508,0 75.98712960814561,26.90274312840293,0 75.98704145122325,26.90286647377866,0 75.98694887688906,26.90298719034677,0 75.98571158722582,26.90454577207227,0 75.98562072086351,26.90465661648125,0 75.98552612868393,26.9047649283223,0 75.98542789941207,26.90487060495345,0 75.98532612382709,26.90497354823231,0 75.98345825930218,26.90680578155175,0 75.98332333045022,26.9069330715222,0 75.98318298032686,26.90705555924418,0 75.98303742182129,26.90717305995286,0 75.98288687594402,26.90728539604938,0 75.98246610100563,26.90758714768492,0 75.98270850303214,26.90909770215164,0 75.9828048362786,26.90962995079545,0 75.98386046431266,26.90961021017788,0 75.98405008535882,26.90960981233966,0 75.98423958683631,26.90961583212513,0 75.98442870084847,26.90962826237396,0 75.98461715538436,26.90964708602523,0 75.98480468336568,26.90967227424869,0 75.98499101665949,26.90970379280622,0 75.98517589005886,26.90974159660706,0 75.98535903826965,26.90978563063176,0 75.98554020298246,26.90983583259114,0 75.98571912380199,26.90989213208668,0 75.98589554526417,26.90995444695036,0 75.98606921689098,26.91002268956384,0 75.9862398911291,26.91009676145589,0 75.98640732339702,26.91017655871886,0 75.99214003255648,26.90998164856964,0 75.99686474638655,26.90980358658728,0 75.99688558508645,26.90980284001024,0 75.9970202144093,26.90979987982126,0 75.99939958109815,26.90977608908277,0 75.99959402736481,26.90977750949227,0 75.99978826807346,26.9097856595785,0 75.99998201212972,26.90980052786134,0 76.00017497135633,26.90982209110526,0 76.00036685851086,26.90985031794465,0 76.0005573862546,26.90988516618258,0 76.00074627219507,26.90992658365797,0 76.00093323284406,26.90997450828823,0 76.001117989675,26.91002886983197,0 76.00130026807595,26.91008958538238,0 76.00133621176431,26.91010227105971,0 76.00176464006893,26.91009828775767,0 76.00198771360255,26.90997336768293,0 76.00215784904887,26.90988223161525,0 76.00233185343902,26.90979716802707,0 76.00250945708532,26.90971831062591,0 76.00269038414173,26.90964577962216,0 76.00287435568012,26.90957968802688,0 76.00306108563852,26.90952013897234,0 76.00325028483262,26.90946722387798,0 76.00344165997269,26.90942102516591,0 76.00363491566118,26.90938161444121,0 76.00382975035677,26.90934905161778,0 76.00438890289284,26.90926577434553,0 76.00455286560025,26.90924383476911,0 76.00471754487566,26.90922674600471,0 76.00488276266194,26.9092145264696,0 76.00504833984739,26.90920718917266,0 76.00521409628171,26.90920474351978,0 76.00579704152504,26.90920474418117,0 76.00580741683386,26.90920475333138,0 76.00591404074673,26.90920596275574,0 76.00648508787106,26.90921786012902,0 76.0066756348657,26.90922506831509,0 76.00686574075961,26.90923874064456,0 76.0070551325184,26.9092588583017,0 76.00724353801006,26.90928539072954,0 76.00743068907353,26.90931830102472,0 76.00779949125094,26.90938968247409,0 76.00798992507052,26.90943002832756,0 76.00817846608781,26.90947697688586,0 76.0083648297246,26.90953045706232,0 76.00854873535664,26.90959038961836,0 76.00872990425941,26.90965668266411,0 76.00890806367578,26.90972923614336,0 76.00908294379502,26.90980794185493,0 76.00925428073333,26.90989267891744,0 76.00942181659787,26.90998332099102,0 76.00969588895504,26.9101382297549,0 76.00985213894839,26.91023023938045,0 76.01000447525492,26.91032737937795,0 76.01015268925579,26.91042951673682,0 76.0102965762932,26.91053651119641,0 76.01043593969014,26.91064821431439,0 76.0105705867626,26.91076447400909,0 76.01070033280729,26.91088513001698,0 76.01082499910373,26.91101001571237,0 76.0109444139373,26.91113895990567,0 76.01105841359821,26.91127178593334,0 76.01123882378171,26.91125519257679,0 76.01141978238027,26.91124443429028,0 76.01160105693377,26.91123952627847,0 76.01178240985101,26.9112404729505,0 76.01196360852745,26.91124727326428,0 76.0121444152674,26.91125991989588,0 76.01352444771248,26.9113788903885,0 76.01370971498649,26.9113979705523,0 76.0138940653783,26.91142318878397,0 76.01407724885152,26.91145450896523,0 76.01425901330671,26.91149188957716,0 76.01443910855242,26.9115352773522,0 76.01461728738465,26.91158461539136,0 76.01659217247288,26.9121675631678,0 76.01677397684718,26.91222469588052,0 76.01695321057393,26.91228802373417,0 76.01712960899468,26.91235745294916,0 76.01730291543996,26.91243288246722,0 76.01747287617801,26.91251420218217,0 76.01763924040665,26.9126012920371,0 76.0178017663273,26.91269402559164,0 76.01796021506242,26.91279226555183,0 76.01811435473208,26.91289586915726,0 76.01826395941428,26.91300468457744,0 76.01840881016018,26.91311855180705,0 76.01854869401116,26.91323730538138,0 76.01868340697929,26.91336076984068,0 76.01881275208204,26.9134887651611,0 76.01893653930972,26.9136211031435,0 76.01905458666499,26.91375759101711,0 76.01916672214443,26.91389802781396,0 76.0192727817651,26.91404220889687,0 76.01937260852532,26.91418992235581,0 76.01946605746382,26.91434095167956,0 76.01955299164023,26.91449507668738,0 76.01963328412469,26.91465207080633,0 76.01981252408567,26.91462070890402,0 76.01999292155416,26.91459522818544,0 76.02017423517988,26.91457566379276,0 76.0203562235159,26.91456204003655,0 76.02053864608229,26.91455437670771,0 76.02072125827409,26.91455268279471,0 76.02090381845885,26.91455696184913,0 76.02108608289272,26.91456720660555,0 76.0212678087899,26.91458340437622,0 76.02183290874142,26.91464288953558,0 76.02202103381839,26.91466592284849,0 76.02220805698825,26.91469529873006,0 76.02239371102256,26.91473097397995,0 76.02257773266298,26.91477289905093,0 76.02275986056633,26.91482101354977,0 76.02293983532879,26.9148752489455,0 76.02311740150789,26.91493552945734,0 76.0232923065746,26.91500176754839,0 76.0234643019771,26.9150738702374,0 76.0236331421011,26.91515173549501,0 76.02449567438812,26.91556812743975,0 76.02461969745657,26.91563003589064,0 76.0246647959535,26.91565358090012,0 76.0262411524765,26.91648636489459,0 76.02641147493881,26.91658048141436,0 76.02657749226948,26.9166805883054,0 76.02673894323864,26.91678652859227,0 76.02689557155837,26.91689813533379,0 76.02704712991061,26.91701523159362,0 76.02719337896454,26.91713763315568,0 76.02733408937429,26.91726514670382,0 76.02746903775901,26.91739757075381,0 76.02759801073086,26.91753469562383,0 76.02843083085365,26.91845671409645,0 76.02855152150626,26.91859579511239,0 76.02866606524077,26.91873899236251,0 76.02877428786486,26.91888608865763,0 76.02887602316559,26.91903685862519,0 76.02897111597166,26.91919107320064,0 76.02905942314401,26.9193484978146,0 76.02914080853277,26.91950889152674,0 76.02921514905225,26.91967201059247,0 76.02928233063666,26.91983760668681,0 76.02934225126138,26.92000542688228,0 76.02939481894549,26.92017521546894,0 76.02943995477304,26.92034671393224,0 76.02947758885705,26.9205196600797,0 76.02950766440874,26.92069379252497,0 76.02953013565823,26.92086884348079,0 76.02954496692969,26.92104454779343,0 76.02957239397426,26.92148306598454,0 76.02973165788997,26.92344625225144,0 76.02982295564058,26.92394826999855,0 76.0304360201316,26.92580580514069,0 76.03155725013745,26.92816665274554,0 76.03275612772779,26.93067102793619,0 76.03280876506734,26.93078527246703,0 76.03285789272177,26.93090076502737,0 76.03290347365241,26.9310174210307,0 76.0333080219753,26.93210006093426,0 76.03336426066379,26.93226041907381,0 76.03341379852486,26.93242254334512,0 76.03345656800266,26.93258620765245,0 76.03349250960531,26.93275118674291,0 76.03352157184756,26.9329172498874,0 76.03354371635248,26.93308416806546,0 76.033558911776,26.93325171039862,0 76.03362052348538,26.9341342554665,0 76.03512220513576,26.93645959444454,0 76.03519896404475,26.93658285754679,0 76.03534173819033,26.93682079936525,0 76.03542905467597,26.93697318076489,0 76.03550985843592,26.93712842115598,0 76.03558403057944,26.93728629843591,0 76.03565146625655,26.93744658407895,0 76.03571206866438,26.93760904859681,0 76.03576574899795,26.93777345612224,0 76.03581242952957,26.93793957070591,0 76.03585204459164,26.93810715360068,0 76.03588453755505,26.9382759632838,0 76.0359098588235,26.93844575637436,0 76.0359279748983,26.93861628756664,0 76.0359388573325,26.93878731332244,0 76.03594249172987,26.93895858458251,0 76.03594249738457,26.93907755827163,0 76.03593887582348,26.93924887287006,0 76.03592800266257,26.93941994098554,0 76.03590989374617,26.93959051604196,0 76.03588457398375,26.93976035139549,0 76.03585207939764,26.93992920393079,0 76.03581245909648,26.94009682953258,0 76.03576576825782,26.94026298674838,0 76.03571207415526,26.94042743493864,0 76.03565145519262,26.94058993879785,0 76.03558399784129,26.94075026386315,0 76.03550979967851,26.94090817829767,0 76.03542896738973,26.94106345471074,0 76.03534161777587,26.9412158701507,0 76.03524787572263,26.94136520431417,0 76.03514787825421,26.94151124222487,0 76.03505865106708,26.94163616628676,0 76.03495083364227,26.94178089643156,0 76.0348368706857,26.94192179323385,0 76.03471693354086,26.942058648686,0 76.03459119762438,26.94219125926417,0 76.03445985250656,26.94231942675724,0 76.03432309186385,26.94244296104896,0 76.03418111951409,26.94256167917106,0 76.03403414537918,26.94267540443012,0 76.03388239052973,26.94278396727351,0 76.03372607812794,26.94288720625872,0 76.0335654404783,26.9429849680017,0 76.0334007180285,26.94307710808713,0 76.03323215531572,26.94316348838991,0 76.03306000099938,26.94324398068613,0 76.03288451389632,26.94331846570608,0 76.03270595190095,26.94338683321568,0 76.03252458304829,26.94344898012984,0 76.03234067548257,26.94350481509996,0 76.03215450346754,26.94355425485892,0 76.03196634236652,26.94359722606335,0 76.03177647267118,26.94363366526432,0 76.03133863568813,26.94370981140283,0 76.03119790749169,26.94373243282955,0 76.03105651801326,26.9437514649829,0 76.02964782388439,26.94392279506906,0 76.02952134909282,26.9439367181414,0 76.0281697628044,26.94406997445114,0 76.02798662302823,26.94408500246321,0 76.0278029935875,26.94409402760736,0 76.02761911817558,26.94409703817542,0 76.02621042135704,26.94409703961496,0 76.0261064293619,26.94409607715111,0 76.02581631181913,26.94409070569648,0 76.0240734484687,26.94477941938039,0 76.02390166329153,26.94484392688785,0 76.0238365346754,26.94486665764764,0 76.02010642343696,26.94614175662126,0 76.02011088057165,26.94631323752806,0 76.02010783328207,26.94648474380962,0 76.02009728720275,26.94665601000768,0 76.01983849470842,26.94978168235858,0 76.01964477855579,26.95496536701439,0 76.0197168903763,26.95555750746863,0 76.02001135858204,26.95576661691499,0 76.02016535022983,26.95588049382642,0 76.0203141852883,26.95599974961853,0 76.02045762936358,26.95612419732223,0 76.02260865961785,26.95806578355859,0 76.0226555738177,26.95810869643416,0 76.02269933431373,26.95814977514614,0 76.02283400795706,26.95827779660158,0 76.02291598939863,26.95828222774256,0 76.02311345140636,26.95829639804164,0 76.02331013903692,26.95831751425077,0 76.02350574778824,26.9583455442768,0 76.02369997506602,26.9583804442782,0 76.02389252222292,26.95842216135867,0 76.02408308848125,26.95847063000003,0 76.02427138203835,26.95852577468995,0 76.02457594258534,26.95862095048585,0 76.0247297789175,26.95867130738539,0 76.02488162235193,26.95872630624335,0 76.02503130005437,26.95878588332188,0 76.02517863914849,26.95884997037026,0 76.02532346973798,26.95891849460276,0 76.02550533060466,26.95892586688647,0 76.02568733219721,26.95893620534607,0 76.0258687978901,26.9589524417123,0 76.02604948873292,26.95897455244736,0 76.02622916775684,26.95900251038913,0 76.02640759991715,26.95903627843215,0 76.02658455110206,26.95907581134025,0 76.02675978917266,26.9591210593502,0 76.02786382050951,26.9594256199475,0 76.02802436009553,26.95947255967747,0 76.02818305337709,26.95952429560371,0 76.02833972353029,26.95958076853524,0 76.02849419269801,26.95964191658105,0 76.02864628696955,26.95970766879426,0 76.02961708103584,26.96014547494631,0 76.02976675912922,26.96021570418641,0 76.029913663974,26.96029048636653,0 76.03005762454517,26.96036973607751,0 76.03019846973399,26.96045335888358,0 76.0303360344416,26.96054125669445,0 76.03043782943711,26.96054325100834,0 76.03051237938114,26.96054654574314,0 76.03149288157722,26.96059640364137,0 76.03173079079929,26.96059640373472,0 76.03193006782139,26.9605999370416,0 76.03212903141942,26.9606105320822,0 76.03232737319483,26.96062817215644,0 76.03252477960471,26.96065282886746,0 76.03272094407491,26.96068446474137,0 76.032915557892,26.96072302877993,0 76.03310831731253,26.96076846272798,0 76.03329891945892,26.96082069297834,0 76.03348706744681,26.9608796404649,0 76.03462917132683,26.96126034066779,0 76.03481500507712,26.96132607235131,0 76.03499778382691,26.96139835509203,0 76.03517722045268,26.96147707635624,0 76.03535303274975,26.96156211093646,0 76.03552494448084,26.96165332545759,0 76.03569268335281,26.96175057748893,0 76.03585598804359,26.96185371278403,0 76.03663643847304,26.9623676608824,0 76.03679460687447,26.96247619890894,0 76.03694786328617,26.96259025633756,0 76.03709596629901,26.9627096544041,0 76.03723868450011,26.96283420614641,0 76.03737579548208,26.96296371821704,0 76.03750708479409,26.96309798637702,0 76.0376323470073,26.96323680180723,0 76.03775138466608,26.96337994660218,0 76.03786401436555,26.96352719733626,0 76.03797005766855,26.96367832332484,0 76.03806934918144,26.96383308837034,0 76.03816173353209,26.96399125078437,0 76.03824706636911,26.96415256247736,0 76.0383252143868,26.96431677166674,0 76.03849654910871,26.96469747896205,0 76.03856605520004,26.96486098969692,0 76.03862843632031,26.96502679175873,0 76.03868360048689,26.96519463576601,0 76.03873146274239,26.96536426957633,0 76.03877195320615,26.9655354373241,0 76.03880500904798,26.96570788309079,0 76.03883058150744,26.96588134724203,0 76.03884863188092,26.96605556826269,0 76.03885913256235,26.96623028636028,0 76.03886206900044,26.9664052371311,0 76.03885743573542,26.96658015881156,0 76.03884524039594,26.96675478863775,0 76.03882550067701,26.96692886286748,0 76.03879824639652,26.96710212127931,0 76.03876351844674,26.96727430266613,0 76.03872136883591,26.96744514934897,0 76.03867186064707,26.96761440266333,0 76.03855766147372,26.96797608429045,0 76.03849973552798,26.96814661017211,0 76.03843434172879,26.96831495305333,0 76.03836158042225,26.96848085218608,0 76.03828156505355,26.9686440467248,0 76.03819442123439,26.96880428385849,0 76.03788986663865,26.9693372915314,0 76.03779728332619,26.96949184397156,0 76.03770704874992,26.96962918660552,0 76.03787898940509,26.96968628445949,0 76.03804845424169,26.96974904538477,0 76.03821520974341,26.96981738263732,0 76.03837902838741,26.96989120401335,0 76.03853968658763,26.96997040735042,0 76.04057645473186,26.97101733563045,0 76.04072745301058,26.97109811984403,0 76.04087521186547,26.97118357709897,0 76.04101955100406,26.97127360311177,0 76.04116029613532,26.97136808904122,0 76.04129727491491,26.97146691881005,0 76.04143031999229,26.97156997179061,0 76.04306737747554,26.97288339619342,0 76.04320259705247,26.97299594836787,0 76.0433331255614,26.97311286302426,0 76.04345878623325,26.97323398259558,0 76.04482936156458,26.97460451612066,0 76.04494979627272,26.97472946826408,0 76.04506504963514,26.97485828285971,0 76.04517496791068,26.97499078772753,0 76.04527940537416,26.97512680611419,0 76.04645964850177,26.97672576860712,0 76.04654805800111,26.97684989354693,0 76.04663190033321,26.97697653586667,0 76.04671108860406,26.97710556170665,0 76.04678553789147,26.97723683267841,0 76.04685516830129,26.97737020945314,0 76.04721686887218,26.97809355349765,0 76.04728966733937,26.97824663929344,0 76.04735611815187,26.97840202553297,0 76.04741613166756,26.97855950074001,0 76.04746962627789,26.97871885066973,0 76.04751652840803,26.97887985830851,0 76.04755677556487,26.97904230655957,0 76.04759031225669,26.97920597285668,0 76.04761709206707,26.97937063546807,0 76.04763708064425,26.97953606986301,0 76.047713492803,26.98029987047492,0 76.04772719939118,26.9804770848627,0 76.04773311313245,26.98065464425613,0 76.04773122440415,26.98083227518839,0 76.04772153565752,26.98100970229613,0 76.04770406143476,26.9811866501248,0 76.04767882939356,26.98136284492663,0 76.04764587929149,26.98153801376549,0 76.04760526097108,26.98171188453178,0 76.0475570374163,26.98188418953087,0 76.04750128370341,26.98205466097715,0 76.04743808704303,26.98222303550752,0 76.04717161206756,26.98288929280692,0 76.04710307620783,26.98305084127565,0 76.04702768737523,26.98320992008379,0 76.04694555625662,26.98336629728904,0 76.04685680363365,26.98351974267887,0 76.04676155840956,26.98367003229922,0 76.04665996160624,26.98381694481365,0 76.0465521613515,26.98396026424915,0 76.04643831491944,26.98409978268933,0 76.04631859168642,26.98423529303034,0 76.04619316414646,26.98436659807547,0 76.04606221794532,26.98449350594687,0 76.04592594582681,26.98461582922786,0 76.04578454565086,26.9847333885888,0 76.04530865071563,26.98511411385296,0 76.0451567287999,26.98523087676285,0 76.04499974962371,26.98534214211674,0 76.04483796045639,26.98544773292666,0 76.04467161773921,26.98554748297045,0 76.04450098302991,26.98564123411369,0 76.04432632504276,26.98572883900295,0 76.04414792164707,26.98581015924562,0 76.04396605281364,26.98588506546224,0 76.04378100568617,26.98595344086015,0 76.04296244617161,26.98623898802689,0 76.04281664995889,26.98628753838576,0 76.0426692492849,26.98633203437892,0 76.04252038684609,26.98637243161237,0 76.04237020239168,26.9864086938394,0 76.04094247504978,26.98673231354826,0 76.04076468675838,26.98676955436688,0 76.04058550982717,26.98680099948404,0 76.04040517767768,26.98682660654581,0 76.04022392887022,26.98684634399478,0 76.03569322695742,26.98726491434854,0 76.03553725400994,26.98727732269929,0 76.0353809210024,26.98728529819559,0 76.03522438406158,26.98728883156396,0 76.03506780037991,26.98728791984315,0 76.03107014042996,26.98721179143276,0 76.0308672465475,26.98720420472963,0 76.03071230747675,26.98719345394493,0 76.02739022368139,26.98691667916022,0 76.02890814615202,26.98868270869179,0 76.02902003543039,26.98881803371113,0 76.02912621214365,26.988957002425,0 76.03244971163667,26.99348571885201,0 76.03310051622505,26.99401517275656,0 76.0332417059975,26.99413456107235,0 76.03337765710604,26.99425873354043,0 76.03350816732058,26.99438750568785,0 76.03363304241171,26.9945206866638,0 76.03375209715014,26.99465807832929,0 76.03386515532336,26.99479947706255,0 76.03449334816474,26.9956179927649,0 76.0345866187204,26.99574398949948,0 76.03467512751561,26.99587271410743,0 76.03475877343951,26.99600402109125,0 76.0348374644407,26.99613776398384,0 76.03491111145638,26.99627379268479,0 76.03497963245147,26.99641195433348,0 76.03515096522592,26.9967736264756,0 76.03521404266682,26.9969132065185,0 76.03527188624824,26.99705459351939,0 76.03532443404392,26.99719762995485,0 76.03537162613354,26.99734215738347,0 76.03541341063281,26.99748801459593,0 76.03548956444601,26.99777354711779,0 76.03553194805006,26.99794758533689,0 76.03556663263188,26.99812298734417,0 76.03559356524036,26.99829947728683,0 76.03561270303358,26.99847678284762,0 76.03562401521188,26.99865462620295,0 76.03562748509975,26.99883273122969,0 76.03562310809757,26.99901081990911,0 76.03561088969126,26.99918861504982,0 76.03559186374801,26.99939800760764,0 76.03557634705823,26.99954404759341,0 76.03555482826556,26.99968947628365,0 76.03552733474405,26.99983409396222,0 76.03555856189003,26.99986754955821,0 76.03567198799287,26.9999936003607,0 76.03578029503784,27.00012321222253,0 76.0358833434432,27.00025622097457,0 76.03598100060475,27.00039245427127,0 76.03607314095382,27.00053173790966,0 76.0361596459159,27.00067389131564,0 76.03624040395216,27.00081873205748,0 76.03631531255853,27.00096607402553,0 76.03638427322686,27.00111572746922,0 76.036517532785,27.00142029377994,0 76.03658101570497,27.00157348926413,0 76.0366382672109,27.00172864173775,0 76.03668921085178,27.00188554955047,0 76.03673378121896,27.00204400645621,0 76.03677191893264,27.00220380435816,0 76.03680357468122,27.00236473418194,0 76.03682870618984,27.00252658499499,0 76.03684728125224,27.00268914488702,0 76.03685927570709,27.00285220008213,0 76.03687845742508,27.00321632995797,0 76.03688337014543,27.00335447472768,0 76.03688355774705,27.00349268948428,0 76.03687902103556,27.0036308442231,0 76.03684482307716,27.00431539677732,0 76.03684108440147,27.00463062515306,0 76.03722700004937,27.00494232030072,0 76.03802189144729,27.00534569176791,0 76.03818502872207,27.00543214671135,0 76.03834442258173,27.00552403575124,0 76.03849984407674,27.00562122968603,0 76.03865107625732,27.00572358929588,0 76.03916503276736,27.00608525635601,0 76.0393161610284,27.00619590974151,0 76.03946239143073,27.00631172232681,0 76.03960350569214,27.00643252060042,0 76.0397392914994,27.00655812288223,0 76.03986954454032,27.00668834111398,0 76.03999407051947,27.00682298084421,0 76.04011268210981,27.00696183854246,0 76.0402252010182,27.00710470700033,0 76.04033145794394,27.00725137081802,0 76.0404312956354,27.00740160999259,0 76.04052456083616,27.00755520088019,0 76.04061111734492,27.00771191158556,0 76.04069083194791,27.00787150657978,0 76.04076358752892,27.00803374750602,0 76.04082927296639,27.00819839054588,0 76.04088779121273,27.008365188165,0 76.04093905427206,27.00853389095578,0 76.04098298418332,27.00870424492164,0 76.04101951506935,27.00887599507297,0 76.04104859312889,27.00904888452426,0 76.04107017459613,27.00922265180094,0 76.04108422580752,27.0093970380609,0 76.04110327536718,27.00972064325194,0 76.04110965125997,27.00988777740567,0 76.04110910983231,27.01005500782821,0 76.0411016529721,27.01022210520256,0 76.04108729063826,27.01038884105386,0 76.04106604184382,27.01055498503376,0 76.04103793673001,27.01072031122455,0 76.0410030134764,27.01088459093975,0 76.0409613193589,27.01104759813305,0 76.04091291278218,27.01120911118881,0 76.04085785919872,27.01136890753562,0 76.04079623415734,27.01152676633216,0 76.04016080875984,27.01306253524972,0 76.03908113358486,27.01621045473985,0 76.0368472358937,27.02276152763374,0 76.03584878559005,27.02585148442996,0 76.03579089809044,27.02601844684917,0 76.03572583374198,27.02618327734388,0 76.03565369103727,27.02634572691882,0 76.03557457760063,27.02650555283004,0 76.03548861217119,27.02666251495933,0 76.03539592462796,27.02681637852239,0 76.03529665194142,27.02696691229315,0 76.03519094422994,27.02711388946216,0 76.03507896075273,27.02725709037438,0 76.03496086787749,27.02739630073873,0 76.03483684411214,27.02753131068845,0 76.03470707508978,27.02766191752635,0 76.03457175559305,27.02778792661281,0 76.03443108750501,27.02790914776995,0 76.03428528388254,27.02802539976554,0 76.03413456187558,27.02813650765696,0 76.03397914879987,27.02824230545491,0 76.03381927606408,27.02834263345985,0 76.03365518525094,27.02843734182861,0 76.03348712103617,27.02852628791806,0 76.03331533726137,27.02860933894904,0 76.0331400908692,27.02868637024539,0 76.0329616449274,27.02875726521191,0 76.03278026563756,27.02882191896741,0 76.03259622732544,27.02888023289162,0 76.0324098054426,27.02893212099604,0 76.03222127954886,27.02897750538818,0 76.03187862416175,27.02905365101316,0 76.03169410773489,27.02909140038813,0 76.03150813389034,27.02912290310876,0 76.03132096735897,27.02914811299361,0 76.03113287498758,27.02916699468019,0 76.03094412067406,27.02917952095398,0 76.03075497446386,27.02918567539002,0 76.03056570343645,27.02918544790588,0 76.03023822779198,27.02957531632366,0 76.03016149480501,27.02966412360231,0 76.03058180672996,27.03016476349772,0 76.03069124038714,27.03030026508769,0 76.03079499277138,27.03043930280718,0 76.03089292403436,27.03058168720866,0 76.03098489929941,27.03072722158579,0 76.03107079073547,27.03087570827751,0 76.03115048253119,27.03102694140932,0 76.03122386390493,27.03118071416673,0 76.03129083412026,27.03133681604995,0 76.03157639423961,27.03204112590113,0 76.0316382361446,27.03220317017459,0 76.03169316969115,27.0323671978768,0 76.03174111507212,27.03253297307584,0 76.03178200456689,27.03270025884753,0 76.03181577946806,27.0328688118813,0 76.0318423901641,27.03303839150729,0 76.03186179809788,27.03320875336247,0 76.03187397679149,27.03337965118869,0 76.03187890683925,27.03355084048039,0 76.0318765819067,27.03372207302409,0 76.03186700678076,27.03389310413471,0 76.0318501922719,27.03406368637359,0 76.03179310688107,27.03453958044839,0 76.03176906348784,27.0347095602491,0 76.03173783461077,27.03487860147528,0 76.03169946334454,27.03504645915672,0 76.03165400491446,27.03521289184429,0 76.03160152565215,27.03537765981205,0 76.03154210098795,27.03554052597463,0 76.03147581644255,27.03570125407461,0 76.03140276666879,27.03585961410616,0 76.03132305843462,27.03601537777937,0 76.03123680458327,27.0361683194674,0 76.03114413213091,27.03631821975829,0 76.031045172153,27.03646486191802,0 76.03094006788217,27.03660803544241,0 76.03082897165926,27.03674753337117,0 76.03071204194218,27.03688315592108,0 76.0302171220243,27.0374352041994,0 76.03011661586127,27.03754379091057,0 76.03001237034023,27.0376495124488,0 76.02990448635184,27.03775226695753,0 76.02891463485065,27.03866600497063,0 76.02877914921955,27.0387864217846,0 76.02863866955509,27.03890215800784,0 76.02849339598831,27.03901304876191,0 76.02834353776704,27.03911893361583,0 76.02818930927306,27.03921966203195,0 76.02803093198868,27.03931508793508,0 76.02786863253819,27.03940507604618,0 76.02604116802472,27.04037593043234,0 76.02587292088978,27.04046144581199,0 76.02570113308305,27.04054111609479,0 76.02552605763297,27.04061482567479,0 76.02534795165217,27.04068246433389,0 76.02516707841086,27.04074393354615,0 76.02498370427151,27.04079914198635,0 76.02275645368138,27.04142734532523,0 76.02256931296294,27.04147658454959,0 76.02238018533902,27.04151930281597,0 76.02218935357342,27.04155543757645,0 76.02199710252127,27.04158493439415,0 76.02180372216135,27.04160774782422,0 76.02160949957171,27.04162384598592,0 76.01753570157064,27.04189036069767,0 76.01746118235668,27.04189473807864,0 76.01740887662082,27.04189721789448,0 76.01295434874388,27.04208758747032,0 76.01276289875816,27.04209250428236,0 76.0125713781683,27.04209090423944,0 76.01238006429128,27.0420827907622,0 76.01218923149241,27.04206817541887,0 76.01199915825032,27.04204707877736,0 76.01066521275436,27.04187557300589,0 76.01047695924645,27.04184810391054,0 76.01028999986556,27.0418142760803,0 76.01010460427274,27.04177413904199,0 76.00992103715996,27.04172775048445,0 76.0097395612743,27.04167517623671,0 76.00956043742595,27.04161649117072,0 76.00938392046338,27.04155178013292,0 76.00921026530598,27.04148113609535,0 76.00903971886255,27.04140465840803,0 76.00887252512841,27.04132245908168,0 76.00870892510446,27.04123465376054,0 76.00823302204844,27.04096814532776,0 76.00807505388677,27.04087595656365,0 76.00792104581025,27.04077854109326,0 76.00777121380939,27.04067603731211,0 76.00762576986382,27.04056858635329,0 76.0074849149499,27.04045633935978,0 76.00734884707333,27.04033945381556,0 76.00721775622861,27.04021809358174,0 76.00709182639905,27.04009242707656,0 76.00697123358087,27.03996263180327,0 76.00685614673498,27.03982888802388,0 76.00674672682712,27.03969138418249,0 76.00649926888147,27.03936776980685,0 76.00639839163908,27.03923055575106,0 76.00630315809035,27.0390901451695,0 76.00621369389376,27.03894672495191,0 76.00613011665695,27.03880048385083,0 76.00605253900127,27.03865161697346,0 76.00598106145691,27.03850032041574,0 76.00591578055999,27.03834679481547,0 76.00585678177997,27.03819124359733,0 76.00580414254404,27.03803387295107,0 76.00570897618948,27.03772929766416,0 76.00566298190053,27.03757110849499,0 76.00562341344536,27.0374115318711,0 76.00559032407713,27.03725077686107,0 76.00556375596695,27.0370890535147,0 76.00554374526875,27.03692657553494,0 76.00553031803891,27.03676355489058,0 76.00552349128454,27.03660020632241,0 76.00552327393174,27.03643674282256,0 76.00552966585788,27.03627338015518,0 76.00554265985957,27.03611033142581,0 76.00559492943241,27.03558786282297,0 76.00558651637562,27.03514089239362,0 76.00554050424859,27.0348844770257,0 76.00513578900281,27.03336856044252,0 76.00510368491895,27.03336022598741,0 76.00502452577175,27.03333748522887,0 76.00334932799655,27.0328425400108,0 76.0032136882521,27.03280053659719,0 76.00307943946856,27.03275509259863,0 76.00294669084671,27.03270624335168,0 76.00152551033879,27.03216196278151,0 76.00126785104015,27.0321512264992,0 76.00107937148938,27.03214019998029,0 76.00089148417345,27.03212285680117,0 76.00070445547907,27.03209922125018,0 76.00051854784816,27.0320693275756,0 76.00033402075377,27.03203321636757,0 76.00015113376404,27.03199093905023,0 75.99997014450173,27.03194255518775,0 75.99970363602409,27.03186640970542,0 75.99951877483849,27.03181003611688,0 75.99933649261715,27.03174729205201,0 75.99915706038868,27.03167827129037,0 75.99898074926753,27.03160307754276,0 75.99880782338938,27.03152182359833,0 75.99863854193515,27.0314346322131,0 75.99847316011486,27.03134163339443,0 75.9983119241513,27.03124296714488,0 75.99815507832813,27.03113878250937,0 75.99800285689359,27.03102923402132,0 75.99785548914854,27.03091448708317,0 75.9977131953742,27.03079471348123,0 75.99756090951688,27.03066145988971,0 75.99743399066735,27.03054635000103,0 75.99731175966392,27.03042724179123,0 75.99719437409735,27.03030428672496,0 75.99708198356372,27.03017764444853,0 75.99697473263255,27.0300474764494,0 75.99687275887081,27.02991395058402,0 75.99677619482694,27.02977723745256,0 75.99668516201483,27.02963751405251,0 75.99630446427861,27.02902835948008,0 75.99621804911168,27.028884002516,0 75.99613754073812,27.02873693147931,0 75.99606304369485,27.02858734244565,0 75.99599465546073,27.02843543154014,0 75.99532846103712,27.02687448157494,0 75.9952985397257,27.02680254329625,0 75.99523535360002,27.02663660665534,0 75.99397913026164,27.02311495862848,0 75.99393521617995,27.0229851524105,0 75.99389567824004,27.02285422382576,0 75.99341985286321,27.02117906504497,0 75.99337871806205,27.02102264227981,0 75.99334382639334,27.02086500725903,0 75.99331522293653,27.02070636008614,0 75.99322478176326,27.02014094898011,0 75.99310512944609,27.01981186866966,0 75.99305928384007,27.01970870580673,0 75.99145992189139,27.01854950798223,0 75.99140547593643,27.01850947851242,0 75.98949175397041,27.01708227442289,0 75.9893925125034,27.01721847868738,0 75.98928781581893,27.01735136648804,0 75.98917780349642,27.0174807634993,0 75.98906261918879,27.01760649988057,0 75.98894241665417,27.01772840842851,0 75.9888173517321,27.0178463291473,0 75.98868759139901,27.01796010737961,0 75.98819266230231,27.01837890451514,0 75.98804699690891,27.01849742865469,0 75.98789627515758,27.0186107682614,0 75.98774072637596,27.01871875108547,0 75.98758059003733,27.01882121202861,0 75.98741610771295,27.01891799500616,0 75.9872475321433,27.01900895288352,0 75.98707512017461,27.01909394662313,0 75.9868991337745,27.01917284618019,0 75.98671984205573,27.0192455313913,0 75.98653751724413,27.0193118920029,0 75.98635243971036,27.01937182673328,0 75.98616488990614,27.0194252433292,0 75.98597515443538,27.01947206123175,0 75.98578352199067,27.01951220799379,0 75.98559028641625,27.01954562377241,0 75.98539574062075,27.01957225685779,0 75.98459621094101,27.01966743981992,0 75.98443084061356,27.01968464207365,0 75.98426492653587,27.01969694223809,0 75.98409864905553,27.01970432821716,0 75.98393219056773,27.01970679151233,0 75.98368471695832,27.0197067917964,0 75.9835015323477,27.0197038861514,0 75.98331859072843,27.01969496696963,0 75.98313613716051,27.01968004427647,0 75.98295441681376,27.01965914073669,0 75.98277367488888,27.01963228262724,0 75.98259415465645,27.01959950617033,0 75.98241609644106,27.01956085663771,0 75.98198076221409,27.02007857282474,0 75.98186263532462,27.0202136325544,0 75.98173886381612,27.02034457334689,0 75.98160962547148,27.02047120707308,0 75.98147510718724,27.02059335005418,0 75.98133550198892,27.02071082759646,0 75.98119101401598,27.02082346763729,0 75.98104184952082,27.02093110893286,0 75.98088822589322,27.02103359557884,0 75.98073036362027,27.0211307797747,0 75.98056849131031,27.02122251998342,0 75.98040284371623,27.02130868545912,0 75.98023365865663,27.02138914994924,0 75.98006118211806,27.02146379888127,0 75.9798856621525,27.02153252308588,0 75.97941768254016,27.02170634570945,0 75.97899573154628,27.02190225463449,0 75.97807935639644,27.02256630596891,0 75.97792643112238,27.02267283176318,0 75.97776904717706,27.02277401592239,0 75.97760743712091,27.02286970695547,0 75.97744184067464,27.02295976505845,0 75.97727250063255,27.02304405582336,0 75.97709966795701,27.02312245652251,0 75.97692359869183,27.02319484890771,0 75.97674455303242,27.02326112824466,0 75.97656279424717,27.02332119519549,0 75.97637859275621,27.02337496120718,0 75.97619221906747,27.02342234765797,0 75.97554268291511,27.02357518179745,0 75.97536295890885,27.02361432656009,0 75.97518175112781,27.02364753928018,0 75.9749993051628,27.02367477401455,0 75.9748158666992,27.02369599565402,0 75.97463168146214,27.02371117360419,0 75.97444699831044,27.02372028988917,0 75.97426206612673,27.02372332924248,0 75.97374808183346,27.02372332988664,0 75.97356190231486,27.02372024888049,0 75.97337597717818,27.02371101071878,0 75.97319055957246,27.02369562719374,0 75.97300590373993,27.02367412002191,0 75.97282226096068,27.02364651816392,0 75.97263988158387,27.02361285961589,0 75.97245901501208,27.02357318960398,0 75.97227990871636,27.02352756329952,0 75.97207050906708,27.02347045402188,0 75.97188375118545,27.02341593619603,0 75.97169950622167,27.02335494228865,0 75.97151805623602,27.02328756425168,0 75.97133967531612,27.02321390492673,0 75.97116463460094,27.02313407620484,0 75.97094221932433,27.02302770363068,0 75.97093119136787,27.02303378768182,0 75.97047344475658,27.02328173873307,0 75.96995681019651,27.02371680970673,0 75.9687589391736,27.02494467154658,0 75.96755078000852,27.02645919166359,0 75.96751438977026,27.02650422145423,0 75.967499026563,27.02652288638855,0 75.96658533267083,27.02762698118977,0 75.96649679727265,27.02773079125556,0 75.96539274567931,27.02898717708527,0 75.96529334642642,27.02909681162804,0 75.9651899545099,27.02920344555378,0 75.96508268485385,27.02930696160739,0 75.96508278882163,27.03163100441886,0 75.96509957746534,27.0354579162417,0 75.96509697838049,27.03562166933836,0 75.96508774807744,27.03578522866415,0 75.96507189680271,27.03594838109222,0 75.96488161141389,27.03756641966465,0 75.96486179754118,27.03771211327836,0 75.96483670533287,27.03785715244658,0 75.96480635967536,27.03800138442664,0 75.96477079352037,27.03814465642006,0 75.96473004386805,27.03828681740557,0 75.96455160764107,27.03886979121043,0 75.96451426943648,27.03898568225654,0 75.96447348630652,27.03910063905216,0 75.96442928778289,27.03921457923926,0 75.96402481701742,27.04021396507835,0 75.96395875942343,27.0403682989283,0 75.96388643655027,27.04052036364249,0 75.96352385125722,27.04124559417465,0 75.96370447821211,27.04170242641541,0 75.9637509606254,27.041825594684,0 75.96379346148925,27.04194991145274,0 75.96407903028234,27.042830301403,0 75.96412567331048,27.04298419447809,0 75.96416621648024,27.04313946634048,0 75.96420060972608,27.04329592414427,0 75.96422880900717,27.04345337229324,0 75.96425078034807,27.04361161331585,0 75.96426649583692,27.04377045150385,0 75.96427593558811,27.04392968657925,0 75.96427908881212,27.04408912090928,0 75.96427916181894,27.04573239169374,0 75.96429276545882,27.04653290646438,0 75.96447324682725,27.04646216372127,0 75.96465668532119,27.0463978102014,0 75.96484280152571,27.04633994530877,0 75.96503130685414,27.0462886567755,0 75.96522191265233,27.04624402421046,0 75.96541432613488,27.0462061155162,0 75.96560825041571,27.04617499049992,0 75.96580338849427,27.0461506954294,0 75.96599944026927,27.04613326756754,0 75.96616599598335,27.04612137106209,0 75.96634021265744,27.04611164167914,0 75.96651470145974,27.04610731875334,0 75.96668925273754,27.04610840643185,0 75.96686365680726,27.04611490525193,0 75.96703770491608,27.04612680671773,0 75.96721118926509,27.04614409600841,0 75.9675205069517,27.04617978686229,0 75.96770921268403,27.04620481962185,0 75.96789672599276,27.0462362267158,0 75.96808277833841,27.04627396395412,0 75.96826710310386,27.04631797630157,0 75.96844943563283,27.04636820239139,0 75.96865168291221,27.04642768725665,0 75.96883369593664,27.04648469580083,0 75.96901314190585,27.04654789587772,0 75.9691897568883,27.04661719361996,0 75.96936328295294,27.04669248970349,0 75.96953346709883,27.04677367213244,0 75.96970005828469,27.04686062257906,0 75.96986281446279,27.04695321362679,0 75.97002149755339,27.04705131061038,0 75.97017587443736,27.04715476980339,0 75.97032571898014,27.04726343930691,0 75.9704708130554,27.04737716084794,0 75.97061094450535,27.04749576708505,0 75.97074590717172,27.04761908521914,0 75.97087550491298,27.04774693516006,0 75.9709995465556,27.04787912865864,0 75.97140708087406,27.04833070489757,0 75.97228021281723,27.04925837528359,0 75.97493567035366,27.05192544702102,0 75.97685353739186,27.05385480701749,0 75.97851790510012,27.05541582361853,0 75.97864532399588,27.05553988399593,0 75.9787674806621,27.05566811647292,0 75.97888420516428,27.05580034349617,0 75.97899533556073,27.05593637933178,0 75.97910071693356,27.05607603458575,0 75.97920020137315,27.05621911439853,0 75.97948574645386,27.05664740866615,0 75.97958191852631,27.05679814871234,0 75.9796715383046,27.056952090415,0 75.97975447473503,27.05710900720048,0 75.97983060376433,27.05726866612636,0 75.97989981238075,27.05743082875606,0 75.97996199866928,27.05759525747771,0 75.98001706971664,27.05776170649096,0 75.98006494470704,27.05792992991031,0 75.98062182683188,27.05811555293907,0 75.98079548326895,27.05817673657184,0 75.98096649226727,27.05824363224345,0 75.98113461911036,27.0583161477116,0 75.9812996340662,27.05839418438077,0 75.98146130934659,27.05847763551783,0 75.98161942414831,27.05856638621684,0 75.98177376265235,27.05866031521834,0 75.98192411299966,27.05875929311106,0 75.98248922644247,27.05914594394405,0 75.98263565983712,27.05925003914237,0 75.98277768136057,27.05935892442777,0 75.9829150950966,27.05947244951634,0 75.98304771313752,27.05959045774916,0 75.98317535156686,27.05971278792585,0 75.98329783748582,27.05983927064427,0 75.98341499997807,27.05996973287738,0 75.98352667916076,27.06010399520172,0 75.98364565412447,27.06025270765748,0 75.98375884462202,27.06040028595103,0 75.98386540922483,27.06055176533193,0 75.98396518149292,27.06070690955027,0 75.98405800398692,27.06086547416782,0 75.98414373030069,27.0610272083492,0 75.98422222610907,27.06119185936829,0 75.98429336811262,27.06135916719894,0 75.98447184410401,27.06180530986527,0 75.98452450649583,27.06194387801808,0 75.98457201104384,27.06208393210378,0 75.9846143049666,27.06222531902598,0 75.98465134252426,27.0623678838329,0 75.98480870517247,27.06258351620932,0 75.98490247441349,27.06271704507267,0 75.98499097579155,27.06285342560311,0 75.98507410094548,27.06299249065387,0 75.98515174855483,27.063134071223,0 75.98643078265236,27.06557297572531,0 75.98650149858429,27.0657140470357,0 75.98656677645327,27.06585720484101,0 75.98662653811478,27.06600227907332,0 75.98668071451385,27.066149101406,0 75.98672924158865,27.06629749806025,0 75.9877219810331,27.06953804926957,0 75.98868306062228,27.07236268844018,0 75.98872935604588,27.07250735697286,0 75.9887702384471,27.07265332652406,0 75.98880566201078,27.07280043492221,0 75.98883558897239,27.07294851813307,0 75.98885998359141,27.07309741301031,0 75.98948511642378,27.0774124977475,0 75.98950477230314,27.07757060871212,0 75.98951819112828,27.07772924203325,0 75.98952535600205,27.07788819922269,0 75.98952625912678,27.07804728443561,0 75.98952089873163,27.07820629907576,0 75.98950928212975,27.07836504538479,0 75.98939036588936,27.07964400870796,0 75.98937115642981,27.0798123615252,0 75.9893449097154,27.07997995136566,0 75.98931166297638,27.08014654234111,0 75.98927146356023,27.08031190210224,0 75.98922436786791,27.08047579552675,0 75.98917044143333,27.08063799374648,0 75.98910975988449,27.08079826872415,0 75.98904240895946,27.08095639505883,0 75.98896848349824,27.08111214999297,0 75.98888808745063,27.08126531431535,0 75.98880133288398,27.08141567417354,0 75.98870834297694,27.0815630174419,0 75.98784582278074,27.08287174603142,0 75.98775651350323,27.08300215575336,0 75.98766231832737,27.08312978129955,0 75.98756334589547,27.08325447655137,0 75.98745970992573,27.08337609896539,0 75.98735152919649,27.08349450776803,0 75.98723892758578,27.08360956846918,0 75.98485948475454,27.08595934746559,0 75.98473792495545,27.08607522189594,0 75.98461188086638,27.08618719246034,0 75.9844815116513,27.08629512171392,0 75.98434697649991,27.0863988749201,0 75.98420844272765,27.086498323605,0 75.98352725408489,27.08696992638771,0 75.98266418358294,27.08762662772872,0 75.98243094505179,27.08790103906427,0 75.98218243521559,27.08849278650535,0 75.98058244376914,27.09464337118174,0 75.9801831917033,27.09694630800708,0 75.98015318850715,27.09710145594617,0 75.98011715739477,27.09725557342854,0 75.98007514209571,27.09740847236913,0 75.9800271934166,27.0975599664383,0 75.97997337024972,27.09770987105493,0 75.97991373757176,27.09785800520585,0 75.97984836741327,27.09800418692534,0 75.97918516621741,27.09941537998486,0 75.9792273818411,27.09942291823873,0 75.97925398515569,27.09942773509604,0 75.97936344255727,27.09944988095284,0 75.97945402290299,27.09944988066695,0 75.97965024213872,27.09945329754551,0 75.97984616374893,27.09946354386694,0 75.98004149107651,27.09948060454812,0 75.98023592937909,27.09950445275821,0 75.98042918384287,27.09953505354353,0 75.98062096256909,27.0995723592929,0 75.98081097358704,27.09961631427231,0 75.98115360355494,27.09970197212899,0 75.98134184453305,27.09975250367399,0 75.98152769647605,27.09980967977787,0 75.98171086812621,27.09987341130454,0 75.98189107013084,27.0999435964672,0 75.98206801810727,27.10002012532079,0 75.98241089829735,27.1000010752215,0 75.98260018156189,27.09999374926817,0 75.98278963740711,27.09999279088476,0 75.98297900058095,27.09999820102269,0 75.9831680027424,27.10000997343419,0 75.98335637745717,27.10002808922089,0 75.98411301636527,27.10011374707352,0 75.98431046641304,27.1001396611271,0 75.98450661675297,27.10017254525251,0 75.98470116032327,27.10021234834284,0 75.98489379198341,27.10025900844613,0 75.98508421052327,27.10031245184851,0 75.98527211767001,27.10037259488665,0 75.9854572200973,27.10043934303079,0 75.98563922641485,27.10051259271128,0 75.98581785320435,27.10059222947078,0 75.98599281895949,27.10067812710373,0 75.9861638522023,27.10077015301601,0 75.98633068335064,27.10086816105972,0 75.98649305184982,27.10097199960799,0 75.98670719984618,27.10111476282663,0 75.98685928436335,27.10122024576902,0 75.98700676176797,27.10133084348237,0 75.9871494178137,27.10144639498779,0 75.98728704625722,27.10156673202842,0 75.98741944684092,27.10169167908362,0 75.98754642530862,27.10182105517417,0 75.98766779741662,27.1019546711257,0 75.98778338694795,27.10209233319367,0 75.98789302569669,27.10223384125775,0 75.98799655345995,27.10237898791909,0 75.988093820103,27.10252756390221,0 75.98818468347854,27.10267935084747,0 75.98835601306624,27.1029791573003,0 75.98839366798372,27.10304710280944,0 75.98877168801178,27.1030398318501,0 75.99027650090136,27.10285925512839,0 75.99035339337648,27.10285056481855,0 75.99037701666494,27.10284811070261,0 75.99360344011747,27.10251976142651,0 75.99376817562776,27.10250544041812,0 75.99393334728514,27.10249596398758,0 75.9940987776718,27.10249134331856,0 75.99426428830573,27.10249158328372,0 75.99514941268248,27.10250586068739,0 75.99534398087936,27.10251236190121,0 75.99553812431385,27.10252557972605,0 75.99573155332374,27.10254549274369,0 75.99592397919894,27.10257207321141,0 75.99611511512619,27.10260527983306,0 75.99630467726141,27.10264506497369,0 75.99649238163144,27.10269136655645,0 75.99667795028179,27.10274411885219,0 75.99686110512047,27.10280324078715,0 75.99704157304102,27.10286864493418,0 75.99721908689912,27.10294023389465,0 75.99739338148555,27.1030179012298,0 75.99756419655218,27.10310153143907,0 75.99773127680368,27.10319099905742,0 75.99789437494752,27.1032861713418,0 75.99805324764304,27.10338690649434,0 75.99880990407613,27.10388657832705,0 75.99894684027535,27.10398028235145,0 75.99908011934798,27.10407811892039,0 75.99920958495203,27.10417997540742,0 75.99933508571498,27.10428573102614,0 75.99945647528975,27.10439526314917,0 75.99957361231468,27.10450844279445,0 75.99994480934622,27.10487962935968,0 76.00007463662836,27.10501472494748,0 76.00019840407639,27.10515430063501,0 76.00031592010657,27.10529813933308,0 76.0004270011373,27.10544601667326,0 76.00053147362245,27.10559770279888,0 76.00062917504421,27.10575296055226,0 76.00071995393731,27.10591154818281,0 76.00080366786366,27.10607321845841,0 76.00088018644669,27.10623771954664,0 76.00094939036288,27.10640479502169,0 76.0010111723666,27.10657418566266,0 76.0010654352409,27.10674562585685,0 76.0011120958807,27.10691884898734,0 76.0011510792167,27.10709358476775,0 76.0011823263094,27.10726956189293,0 76.00120578827303,27.10744650537387,0 76.00122142731662,27.10762414014124,0 76.00122922075509,27.10780218830853,0 76.00122915498933,27.107980372826,0 76.00122123054207,27.10815841654195,0 76.00119269610299,27.10858672072867,0 76.00118004722994,27.10873526867374,0 76.00116192663285,27.10888336269895,0 76.00113835504443,27.10903084106009,0 76.00110935724068,27.10917754288628,0 76.00107496507529,27.10932330906108,0 76.00090367295468,27.10999432200163,0 76.00089502804856,27.11002760622218,0 76.00087196701276,27.11011131503678,0 76.00058776403743,27.11110212099472,0 76.00132248898068,27.11220891067854,0 76.00141441065705,27.11235337292854,0 76.00150032590648,27.11250076767979,0 76.00158011689672,27.11265089266172,0 76.00165367688979,27.11280354552423,0 76.00172090615878,27.11295851845004,0 76.00178171101145,27.11311560177277,0 76.00183601184429,27.11327458211378,0 76.001883734072,27.1134352433497,0 76.00192481218667,27.11359736929158,0 76.00195919071865,27.11376073826149,0 76.00198682429287,27.11392512941142,0 76.00205822819095,27.11441053618451,0 76.00207977903139,27.11458243022242,0 76.00209395367934,27.11475493658651,0 76.00210073270002,27.11492780264456,0 76.0021001037118,27.11510077481005,0 76.00209206944838,27.11527359758206,0 76.00207664174677,27.11544601810176,0 76.00203382908939,27.11583149114184,0 76.0020176377554,27.1159588646863,0 76.0019974108604,27.11608577410629,0 76.00197316363894,27.116212119085,0 76.00183132172495,27.11689311022144,0 76.00180382410845,27.11776510842107,0 76.00191849189169,27.12117604659793,0 76.00196843359682,27.12129980303589,0 76.00197791355038,27.12132349972935,0 76.00301243246847,27.12393241284518,0 76.00387000688782,27.12580085520803,0 76.00392571481642,27.12592763714994,0 76.00397712052583,27.12605586535371,0 76.00402417857282,27.12618542369295,0 76.00406684651587,27.12631619331107,0 76.00476173751314,27.12857189586874,0 76.00478861708569,27.12866283638756,0 76.00481152143755,27.12874712581403,0 76.0052303726002,27.130355625264,0 76.00524861715115,27.13042840524281,0 76.00562939573172,27.13200835210418,0 76.00563389828128,27.13202722908345,0 76.00565336550565,27.13211390274094,0 76.00603195138474,27.13388928689231,0 76.00636746361319,27.13515166501951,0 76.00640576417641,27.13530804375532,0 76.0064378430843,27.13546553955494,0 76.00646365919171,27.13562395501355,0 76.00648317939209,27.13578308905685,0 76.00649638068414,27.13594274234292,0 76.00650324509473,27.13610271368733,0 76.00656999967761,27.13899613232383,0 76.00657092131586,27.13905418309886,0 76.00658049979089,27.14019085949071,0 76.00657844266418,27.14035816462443,0 76.00656945659108,27.14052528652612,0 76.0065535536046,27.14069199490515,0 76.00653075484343,27.14085806211283,0 76.00650109253775,27.14102325951721,0 76.00646460598956,27.14118735933738,0 76.00642134664233,27.14135013731553,0 76.00637137299555,27.14151136823952,0 76.00631475468958,27.1416708313303,0 76.00606400745654,27.14233417623117,0 76.0054819260383,27.14420604778995,0 76.00542431000839,27.14437777352223,0 76.0053591160315,27.14454731737312,0 76.00528644560919,27.14471441048636,0 76.00520641442853,27.14487879022238,0 76.00511914931082,27.14504019747204,0 76.0050247871947,27.14519837576111,0 76.00492347720295,27.14535307665227,0 76.00481537859217,27.14550405614872,0 76.00402542125451,27.1465605597453,0 76.00391687089403,27.14669998287441,0 76.0038025326346,27.14683565121398,0 76.00368256724021,27.14696737492396,0 76.00355714456725,27.14709496500185,0 76.0034264416272,27.14721824232423,0 76.00329064555724,27.14733703130641,0 76.00314994861543,27.14745116445193,0 76.00300454814831,27.14756047874205,0 76.00285465167663,27.14766482011313,0 76.00170297804617,27.1484357903313,0 76.00154815377863,27.1485354061648,0 76.00138923121425,27.14862971757029,0 76.00122643821989,27.14871858749435,0 76.00106000681407,27.14880189149321,0 76.00089017510456,27.14887950869149,0 76.00051896890673,27.14904131826301,0 76.00034076186495,27.1491152399379,0 76.0001594692862,27.14918289385318,0 75.99997536779445,27.14924417691655,0 75.99978873612268,27.14929899595229,0 75.99959985813176,27.14934726677695,0 75.9994090218333,27.14938891781758,0 75.99921651529698,27.14942388382154,0 75.99902263175979,27.14945211304228,0 75.9988276655414,27.1494735618519,0 75.99863191308505,27.14948819834486,0 75.99843567192413,27.14949599963702,0 75.99823923969686,27.14949695458106,0 75.99804291614018,27.14949106104394,0 75.99784699705094,27.14947832775542,0 75.9976517823664,27.14945877515332,0 75.99745756705808,27.14943243274008,0 75.99726464719394,27.14939933994221,0 75.99707331489292,27.14935954614632,0 75.99688386239279,27.14931311428113,0 75.99669657592348,27.14926011273605,0 75.9965117408163,27.14920062254702,0 75.99632963744328,27.14913473471697,0 75.99615054221809,27.14906254930578,0 75.99527424974821,27.14993452328944,0 75.9945436187636,27.1507397415643,0 75.99315940357829,27.15252960784216,0 75.9930433403463,27.15267354736977,0 75.99292104131051,27.15281329427127,0 75.99117534774345,27.15472915932057,0 75.98940453141366,27.15697283822621,0 75.98891596388387,27.15786453885177,0 75.98831889512287,27.15924381735409,0 75.98827595529784,27.15933973474488,0 75.988228129896,27.15943969569026,0 75.98737158313479,27.16117196942155,0 75.98729633783988,27.16131718609013,0 75.98721535497307,27.16145991265366,0 75.98712873889632,27.16159996781642,0 75.98703660006034,27.16173717385045,0 75.98693905399558,27.16187135660264,0 75.98683622636632,27.16200234636212,0 75.98679975526122,27.16214792017009,0 75.98675744029585,27.16229222335772,0 75.98667053712508,27.16256830995335,0 75.98659565937015,27.16280618656945,0 75.98653747746074,27.16297787183834,0 75.98647171345708,27.16314735349407,0 75.98639847094815,27.16331436358146,0 75.98631786668483,27.1634786385656,0 75.98623002754428,27.16363991845051,0 75.98613509256462,27.16379794857043,0 75.98603321193585,27.16395247959704,0 75.98592454498153,27.16410326755372,0 75.98580926520515,27.16425007378024,0 75.98568755324143,27.16439266678791,0 75.9855596028961,27.16453082041173,0 75.9853012648196,27.16479873432618,0 75.98516811723414,27.16493131886799,0 75.98502922158306,27.16505909763037,0 75.98488479414029,27.16518187317933,0 75.98473506131514,27.16529945252365,0 75.9845802536445,27.16541165257384,0 75.98402555096065,27.16579771257952,0 75.98387416819126,27.16589905562897,0 75.98371864630259,27.16599525472766,0 75.98355920414976,27.16608617471893,0 75.98339606570788,27.16617168853567,0 75.98322946004836,27.16625167449232,0 75.98305962038482,27.16632602261089,0 75.98288678602039,27.16639462648266,0 75.98271119837366,27.1664573905181,0 75.98253310600134,27.16651422720353,0 75.98235275751728,27.16656505534525,0 75.98221083304301,27.16660245470377,0 75.98224300066325,27.16680666224091,0 75.98225114463732,27.16686072479044,0 75.98226224677067,27.16694406029179,0 75.98233101460332,27.16750458100724,0 75.98234578254596,27.16753116318332,0 75.98240474668484,27.1676409844994,0 75.98246037512479,27.16775218960748,0 75.98251262878699,27.16786469663417,0 75.98271251876012,27.16831202778959,0 75.98276684472857,27.16843912864656,0 75.98281686219337,27.16856763637253,0 75.98286252570615,27.16869743393196,0 75.98307194233749,27.16932560445693,0 75.98312369345402,27.16949245815458,0 75.98316825048308,27.16966096374409,0 75.98320554865992,27.16983087523329,0 75.98323553325599,27.17000194023945,0 75.98325816065945,27.17017390810631,0 75.98327339631736,27.1703465254048,0 75.98330196838005,27.17077482717391,0 75.98330995726452,27.17095219050293,0 75.98331008759082,27.17112969738631,0 75.9833023568852,27.17130706979222,0 75.9832867788226,27.17148402957433,0 75.98326337818058,27.17166029850721,0 75.98323218984599,27.17183560009876,0 75.98319326487115,27.17200965954785,0 75.98333593433746,27.17211527262401,0 75.98347416302256,27.17222550992393,0 75.98360776187923,27.17234022202535,0 75.98373655089387,27.17245925402641,0 75.98386035502566,27.17258244286571,0 75.98397900728976,27.17270962362009,0 75.98409234668338,27.17284062319951,0 75.98420021922672,27.17297526395097,0 75.98430247998171,27.17311336364401,0 75.98439898901474,27.17325473549919,0 75.98448961644336,27.17339918815237,0 75.9845742394005,27.17354652477335,0 75.98484075248601,27.17403192598438,0 75.98492606392109,27.17419548913171,0 75.98500399639616,27.17436197120106,0 75.98507442440965,27.1745311067726,0 75.9851372365404,27.17470262491028,0 75.98519233143436,27.17487625189803,0 75.98523962183418,27.17505171030869,0 75.98527903054226,27.1752287190323,0 75.98531049649269,27.17540699503887,0 75.98533396768634,27.17558625342798,0 75.98534940725507,27.17576620828886,0 75.98535679041812,27.17594657091619,0 75.98536633161403,27.17646053369317,0 75.98536673771389,27.17658376279167,0 75.98536338246007,27.17670695602383,0 75.98535626805945,27.17683002129278,0 75.98529481844862,27.17767034874244,0 75.98517467683493,27.17931330192154,0 75.98530259790337,27.18186191551602,0 75.9854478704199,27.18240525135838,0 75.98547750317427,27.1825230236235,0 75.98548242399109,27.18254412892001,0 75.98582166386626,27.1840166499588,0 75.98603972784994,27.1846396154406,0 75.98620982510371,27.18495946591729,0 75.98780596789271,27.18520741424354,0 75.99008162425629,27.18527545828302,0 75.9920570325846,27.18516700842746,0 75.99222996571714,27.18516017239789,0 75.99240305985845,27.18515864322289,0 75.99257611012942,27.18516242325439,0 75.99274891360592,27.18517150760943,0 75.99292126731578,27.18518588598985,0 75.99347667336438,27.1852408225467,0 75.99367667720667,27.18526423206136,0 75.99387547536892,27.18529476806607,0 75.99407274948968,27.18533238407325,0 75.99426818712674,27.18537701820829,0 75.9944614737375,27.18542859958562,0 75.99465230173946,27.18548704553606,0 75.99484036547896,27.18555226344809,0 75.99502536626983,27.18562414982916,0 75.99520700732222,27.18570258763335,0 75.99538499886148,27.18578745434979,0 75.99563245621206,27.18591118143484,0 75.99568741899284,27.18593906817417,0 75.99583276792842,27.18601682488564,0 75.99600408539797,27.18611200071764,0 75.99616865808081,27.18620744091251,0 75.99632896060089,27.18630852819424,0 75.99648475033112,27.18641510812457,0 75.99663579166715,27.18652702170226,0 75.99678185596322,27.18664409814142,0 75.99692272461654,27.18676616116867,0 75.99705818298655,27.1868930263581,0 75.99718802747699,27.18702450288621,0 75.99731206148225,27.18716039175517,0 75.99743009843148,27.18730048757654,0 75.99754195876062,27.18744457859266,0 75.99764747496744,27.18759244754341,0 75.99774648655657,27.1877438707992,0 75.99784166894358,27.18789615356791,0 75.99793571582057,27.18805387170878,0 75.99802270577958,27.18821479604069,0 75.99810250329398,27.18837867386766,0 75.99817498289667,27.18854524881031,0 75.99824003018181,27.18871425989598,0 75.99829754482512,27.1888854406343,0 75.99834743456788,27.18905852357373,0 75.99843310853095,27.18938212706935,0 75.99846002353961,27.18948962411732,0 75.99846114770254,27.18949490264376,0 75.99863143497872,27.18956049913116,0 75.99879884141971,27.18963177710439,0 75.99896313195966,27.18970863804225,0 75.99912407241943,27.1897909698769,0 75.99926683702803,27.18986711087974,0 75.99943620835659,27.18996154958251,0 75.99960127156275,27.19006190294291,0 75.99976176883456,27.19016801302646,0 75.99991744935871,27.19027971462756,0 76.0000680703056,27.19039683255404,0 76.00021339584416,27.1905191843424,0 76.00035319813497,27.19064657844497,0 76.0004872593573,27.19077881511821,0 76.00061536970627,27.19091568824226,0 76.00073732838627,27.19105698350831,0 76.00085294463645,27.19120248021657,0 76.00096203772289,27.19135195037355,0 76.0010644379642,27.19150516049002,0 76.00115998471264,27.19166187159533,0 76.00124852734773,27.19182183742478,0 76.00132992834494,27.19198480891124,0 76.0014040612249,27.19215053058874,0 76.00147080856664,27.19231874421752,0 76.00153006702313,27.19248918513723,0 76.00163477598785,27.19281278842249,0 76.00167909628964,27.19295889392404,0 76.00170871210578,27.19306924077257,0 76.0017815854518,27.19335663893634,0 76.00190913432662,27.19347083938217,0 76.00203200687651,27.19358906871714,0 76.00215004524164,27.19371117280823,0 76.00226309657501,27.1938369938756,0 76.00237101404389,27.19396636958274,0 76.00247365884077,27.19409913211912,0 76.00257089717108,27.19423511002723,0 76.00278029684351,27.19453967465994,0 76.00288194005044,27.19469431503805,0 76.00297663159864,27.1948524445599,0 76.00306422285317,27.1950138142406,0 76.00314457419694,27.19517816780808,0 76.00321756011898,27.19534524618037,0 76.00328306415894,27.19551478659887,0 76.00334098393054,27.19568651988409,0 76.00339122712437,27.19586017497792,0 76.00343371452833,27.19603547801918,0 76.00346837901857,27.19621215235077,0 76.00357141184952,27.19680642023375,0 76.00377201645547,27.19765883025467,0 76.00380314491987,27.19780264067055,0 76.00382903805499,27.19794727757219,0 76.00384966823522,27.19809258949819,0 76.00404531886821,27.19967585867964,0 76.00425940057899,27.20119256513913,0 76.00427999651822,27.20136511771118,0 76.00429315880299,27.2015382498426,0 76.00429886896484,27.20171170709232,0 76.00429711759665,27.20188523224492,0 76.00428790741397,27.2020585688997,0 76.00427125223766,27.20223146057523,0 76.00424717700221,27.20240365161205,0 76.00421571777214,27.20257488897803,0 76.00417691867315,27.2027449177767,0 76.00413083901599,27.20291348751538,0 76.0039785756273,27.2034274561681,0 76.00392636956673,27.20359114159608,0 76.00386729812416,27.20375295060694,0 76.00380144605042,27.20391265418938,0 76.00372890516499,27.20407002328065,0 76.00364978047048,27.20422483504202,0 76.00356418305327,27.20437686929878,0 76.00347223513974,27.20452590940676,0 76.00337406809335,27.20467174407232,0 76.00326982037949,27.20481416556146,0 76.00315964162004,27.20495297147648,0 76.00304368753756,27.20508796388932,0 76.00292212199057,27.20521895113281,0 76.00266373018106,27.20548692224146,0 76.00252928763239,27.20562074113134,0 76.00238898732268,27.20574966464128,0 76.00224305256488,27.20587348713504,0 76.00209171584268,27.20599201193846,0 76.00193521780093,27.20610505134691,0 76.00177380521018,27.20621242483432,0 76.00160773604702,27.20631396262817,0 76.00143727240254,27.20640950305191,0 76.00126268757359,27.20649889518279,0 76.00108425593449,27.20658199531327,0 76.0009022640988,27.20665867319065,0 76.00071699875574,27.20672880668762,0 76.00052875374503,27.20679228265457,0 76.00033783112301,27.20684900323129,0 76.00014453096939,27.20689887508691,0 75.99886909427198,27.20720345944208,0 75.99872190518167,27.20723649747807,0 75.99857367194494,27.20726556527319,0 75.99842452761232,27.20729063569614,0 75.99827460830392,27.20731168610804,0 75.99684687675952,27.20749253321391,0 75.99666861212393,27.20751222719049,0 75.99648967793894,27.20752623835931,0 75.99373891077927,27.20769756862537,0 75.9935967080074,27.20770462353855,0 75.99345433909828,27.20770808923553,0 75.99331191812857,27.20770796219875,0 75.99246626277936,27.20769653940384,0 75.99249740891167,27.20787164799452,0 75.99252078103777,27.20804772160524,0 75.99253634537625,27.20822448423728,0 75.99254407520435,27.20840165893786,0 75.9925439589351,27.20857896774306,0 75.99253599812248,27.20875613440001,0 75.99252020338314,27.20893287988221,0 75.99244891657693,27.20957472234146,0 75.9924768181457,27.20974208386253,0 75.99272487222851,27.21094075738096,0 75.99299694686758,27.2119810651425,0 75.99312650999141,27.21222883549307,0 75.99320787287806,27.21239284961374,0 75.99328188141264,27.21255962497103,0 75.99334841711146,27.21272889791034,0 75.99340737660936,27.21290040196074,0 75.99345866456822,27.21307386517687,0 75.99350220278834,27.21324901278262,0 75.99353792013591,27.21342556995056,0 75.99356576058064,27.21360325723129,0 75.99358568119281,27.21378179237306,0 75.99359764915444,27.21396089485655,0 75.99360164575828,27.21414028135295,0 75.9936016585489,27.21442581554785,0 75.9935985025181,27.21458816906543,0 75.99358875199094,27.21475031295993,0 75.99357242119575,27.2149120331773,0 75.99354953143694,27.21507311651522,0 75.99352011311454,27.21523335060873,0 75.99348420369699,27.21539252304184,0 75.99344185179211,27.21555042492971,0 75.99339311307654,27.21570684733659,0 75.99351994870602,27.2162178248219,0 75.9935537553751,27.21636566264483,0 75.99358201566642,27.21651442809422,0 75.99360469880384,27.21666395528566,0 75.99362893506482,27.21684660426396,0 75.99374124879756,27.21693849689274,0 75.99385020113044,27.21703356748594,0 75.99395568013189,27.21713171934814,0 75.99405757786782,27.2172328512418,0 75.99477147023252,27.21686726687284,0 75.99493766592687,27.21678582222835,0 75.99510716288638,27.21671001239322,0 75.99527972376269,27.21663994285774,0 75.99545510408555,27.21657571284444,0 75.99563305627754,27.21651741257138,0 75.99581333168931,27.21646512504331,0 75.99599567450915,27.21641892248396,0 75.99617982887878,27.21637887170208,0 75.99636553378859,27.2163450278085,0 75.99723162552478,27.21620226634869,0 75.99741929920704,27.2161745881972,0 75.99760800570023,27.21615324968879,0 75.99779747771582,27.21613828070748,0 75.99798744587433,27.21612970302881,0 75.99817764071626,27.21612752940279,0 75.99836779167617,27.21613176175574,0 75.99855763014374,27.21614239477952,0 75.99874688539244,27.21615941234946,0 75.99893528865847,27.21618279200906,0 75.99912257410188,27.21621249954671,0 75.99930847479971,27.21624849263513,0 75.99949272779433,27.21629072079532,0 75.99967507004634,27.2163391245228,0 75.99985524447642,27.21639363343874,0 76.00012173492569,27.21647929112686,0 76.00030666702801,27.21654242016666,0 76.00048868911277,27.21661198197782,0 76.00066752054427,27.21668786934237,0 76.00084288766352,27.21676996506357,0 76.00101452078324,27.21685814469539,0 76.00118215514883,27.21695227111915,0 76.00134553401584,27.21705219993793,0 76.00150440560461,27.21715777769267,0 76.00165852613728,27.21726884274312,0 76.00180765881186,27.2173852234696,0 76.00195157281669,27.21750674098811,0 76.0020900493806,27.21763320820422,0 76.00222287270965,27.21776443258604,0 76.00256551796554,27.21811658337569,0 76.00269063797057,27.21825030344278,0 76.00280988887536,27.21838824422993,0 76.00292309210509,27.21853019849504,0 76.00303008015652,27.21867595530556,0 76.003130691525,27.21882529736655,0 76.00322477777276,27.2189780009699,0 76.00351032716559,27.21946340139141,0 76.00358029547148,27.21958690017313,0 76.00387760024255,27.22013224751262,0 76.00452242250266,27.22116389942573,0 76.00461462101511,27.22131836774143,0 76.0047000494243,27.22147591687698,0 76.00477857934514,27.22163630853715,0 76.00485009146142,27.22179930255544,0 76.0049144795327,27.22196465325436,0 76.00497164637974,27.22213211218238,0 76.00502150487819,27.22230142630115,0 76.00506398102867,27.22247234247723,0 76.00523057460065,27.22320996912383,0 76.00526001374507,27.22335199327521,0 76.00528435421391,27.2234947870374,0 76.00530357144264,27.22363820344148,0 76.00531764593127,27.22378209728722,0 76.00547239752605,27.22572134955384,0 76.00548133067915,27.22586594285363,0 76.00548507084585,27.22601071786462,0 76.00548361363079,27.22615552476285,0 76.00539568786712,27.22929413176139,0 76.00538957920915,27.22943017650347,0 76.00537888163589,27.2295659941901,0 76.00536360715547,27.22970146196056,0 76.00494408029901,27.23293283037198,0 76.00496501292355,27.2338659250604,0 76.00521151166502,27.23509814495806,0 76.00551475781221,27.23619832339767,0 76.00643945435277,27.23836635917093,0 76.00644991900559,27.23839111312508,0 76.00734229264022,27.24052069928199,0 76.00740249948601,27.24067257490837,0 76.00745660345514,27.24082627372512,0 76.00750453511343,27.24098160214865,0 76.0075462340495,27.24113835930783,0 76.0075816469528,27.24129634789064,0 76.00761072854229,27.24145536511009,0 76.00783205474447,27.24281789927296,0 76.00831474684654,27.24553677404787,0 76.00833867774344,27.24568807167829,0 76.00835686539662,27.2458400064758,0 76.00836928801327,27.24599240436998,0 76.00837593288162,27.24614509032164,0 76.00837679133767,27.24629789016445,0 76.00837186278885,27.24645062877054,0 76.0082292205056,27.24923459962104,0 76.00821788747331,27.24939400141579,0 76.00820025156169,27.24955294486552,0 76.00797428024637,27.2512780605964,0 76.00795053786592,27.25143532190499,0 76.00792062434837,27.25159174114341,0 76.00788457730944,27.25174712394714,0 76.00731360257015,27.25400762869759,0 76.00727548962784,27.25414801534286,0 76.0072323701762,27.25428724096121,0 76.00718428733809,27.25442516079889,0 76.00693447032657,27.25510331556847,0 76.00686926807811,27.25526934444928,0 76.00679687429036,27.25543297678087,0 76.00671739779749,27.25559396261238,0 76.00663096162535,27.2557520573065,0 76.00653769591322,27.25590702068765,0 76.00643774297235,27.2560586179086,0 76.00633125323779,27.25620661857673,0 76.00621838930874,27.25635079672528,0 76.00589017792262,27.25675313956354,0 76.00397813481571,27.25923658517641,0 76.00387408568753,27.25936672557516,0 76.00376494212154,27.2594934891552,0 76.00365084107273,27.2596167169424,0 76.00353192660946,27.25973625442529,0 76.00115248066533,27.26204439329793,0 76.0011252347842,27.26207061253824,0 76.00110519664743,27.26208963318135,0 75.99709582499828,27.26587307879188,0 75.99697480766767,27.2659834250711,0 75.99693099272662,27.26602156766574,0 75.99514639621393,27.26755636387615,0 75.99502710352765,27.26765569268838,0 75.99490428415066,27.26775152847632,0 75.99477806852987,27.26784377190419,0 75.99464858511756,27.26793232635875,0 75.99360665831465,27.26862135928334,0 75.99221101265246,27.27004031764646,0 75.99181495484498,27.27070667251381,0 75.99178733167064,27.27112129176595,0 75.99181168007047,27.27168680395063,0 75.99182233375967,27.27173909309209,0 75.99192811431509,27.27204052826768,0 75.99208562742565,27.27242037462244,0 75.99214811547704,27.27258020315441,0 75.99220385148115,27.27274201231068,0 75.99225275763418,27.27290557606237,0 75.99229476417224,27.27307066380907,0 75.99232981343661,27.27323704305809,0 75.99235785482271,27.27340447946033,0 75.99237884983955,27.27357273767701,0 75.992392768069,27.2737415814084,0 75.9923995901966,27.27391077337218,0 75.99239930597548,27.27408007351247,0 75.99239191732121,27.27424924619981,0 75.99237743318891,27.27441805214271,0 75.99235587466458,27.27458625286536,0 75.99232727095652,27.274753614347,0 75.99229166436658,27.27491989795929,0 75.99224520222332,27.27511679209626,0 75.99220009757637,27.27529080283433,0 75.99214732342369,27.27546308231482,0 75.99208696220218,27.27563336092722,0 75.99201910749515,27.27580137259191,0 75.9919438670473,27.27596685293321,0 75.99186135776182,27.2761295447316,0 75.9917717086752,27.27628919158332,0 75.99167506101357,27.27644554421941,0 75.99157156513013,27.27659835691641,0 75.99146138356802,27.2767473910859,0 75.991344689024,27.27689241348341,0 75.99122166435666,27.27703319711132,0 75.99109250055787,27.27716952033057,0 75.99095740285449,27.27730117133126,0 75.99081657953961,27.27742794189274,0 75.99067025416771,27.27754963542204,0 75.9905186533675,27.27766605981829,0 75.99036201599027,27.27777703372742,0 75.98991947337876,27.27807801573471,0 75.98913310735848,27.27861283655732,0 75.98899632585017,27.27870265989885,0 75.98885624396779,27.27878832672846,0 75.98871301846484,27.27886973933467,0 75.98856681322431,27.27894680627516,0 75.98841779216271,27.27901943971885,0 75.98707574300615,27.27964763992234,0 75.98689549484391,27.27972796051918,0 75.9867118055213,27.27980179726826,0 75.98652496801559,27.27986903073279,0 75.98633527947536,27.27992955589167,0 75.98614304015428,27.27998327582806,0 75.98542917713776,27.28016888153369,0 75.98530672305544,27.28019923225873,0 75.98512122852227,27.28023963564944,0 75.98483568169135,27.2802967452703,0 75.98464843118821,27.28033088541703,0 75.98445986971555,27.2803586719895,0 75.98427026571218,27.28038006608056,0 75.98407989273285,27.28039503597044,0 75.9838890214056,27.28040356169707,0 75.98369792645576,27.28040562959029,0 75.98350687968149,27.28040123773763,0 75.98331615698567,27.28039039142124,0 75.98312602831271,27.28037310770231,0 75.98293676871367,27.28034940992681,0 75.98274864727264,27.28031933231713,0 75.98256193416265,27.28028291811681,0 75.98237689659628,27.28024021871633,0 75.98219379783913,27.28019129636823,0 75.98199391624733,27.28013418812956,0 75.98181371385765,27.28007933556884,0 75.98163595117198,27.2800184560714,0 75.98146088355881,27.27995163361515,0 75.98128875842143,27.27987896577626,0 75.98111981915172,27.27980055377105,0 75.98095430720596,27.27971650876072,0 75.98079245705341,27.27962695188646,0 75.98063449916729,27.27953200973497,0 75.98048065700976,27.2794318161647,0 75.98033115007847,27.27932651409009,0 75.98018618984951,27.27921625370434,0 75.98004598279236,27.27910119065272,0 75.97991072736288,27.27898148876172,0 75.97978061600776,27.27885731821952,0 75.97965583415447,27.27872885558285,0 75.9795365581827,27.2785962828884,0 75.97942295745287,27.27845978854128,0 75.97925163930184,27.27824563128408,0 75.97915582125201,27.2781221950359,0 75.97906524890249,27.27799563551333,0 75.97898005111067,27.27786613147152,0 75.9787177391172,27.27780136214933,0 75.97858859316928,27.2777678140444,0 75.9775549695578,27.27748591752494,0 75.97565095192651,27.27701681221306,0 75.97546635824257,27.27696793011819,0 75.97528398334406,27.27691279793434,0 75.97510409266134,27.27685149596953,0 75.97492694664261,27.27678411269252,0 75.97475280278216,27.27671074562127,0 75.97401039065768,27.27638236901746,0 75.973858228585,27.27631217168452,0 75.97370881734364,27.27623740609009,0 75.97356232944367,27.27615815770593,0 75.97206323534391,27.27531580125793,0 75.97197340574421,27.27526413095011,0 75.97187676954773,27.27520580586155,0 75.96999481555672,27.27404141744047,0 75.96933287546976,27.27367366984676,0 75.96868256581557,27.27340353850768,0 75.96855815129037,27.27334999835529,0 75.96849383048381,27.27332082981832,0 75.9679370217015,27.27306383898174,0 75.9677604227838,27.2729783145013,0 75.96758777006042,27.2728865831836,0 75.96741933556318,27.2727887903099,0 75.96725538533757,27.27268509023133,0 75.96709617945835,27.27257564817416,0 75.96694196895967,27.27246063574718,0 75.96679299790233,27.27234023634378,0 75.96664950230876,27.27221463882986,0 75.96651170818946,27.27208404297397,0 75.96637983452678,27.27194865400988,0 75.96625408928088,27.27180868808071,0 75.9661346713478,27.2716643650032,0 75.96602176857807,27.27151591279496,0 75.96591556181762,27.27136356764652,0 75.96565858945812,27.27097808698094,0 75.9656058018539,27.27089619813071,0 75.96568057552376,27.27123111863672,0 75.9659216376039,27.27187387535862,0 75.96597619757775,27.27202851796038,0 75.96602450729857,27.27218481148432,0 75.96606650337138,27.2723425541591,0 75.9661021324942,27.27250154324017,0 75.96613134740191,27.2726615732323,0 75.96615411093056,27.2728224385697,0 75.96617039395819,27.27298392911648,0 75.9661801744728,27.27314583920052,0 75.96618344152749,27.27330795765592,0 75.96618345088164,27.27352210960596,0 75.96618081717175,27.2736680220203,0 75.96617157461689,27.27383162430483,0 75.96615730616567,27.27401722247401,0 75.96614099897899,27.27418402051795,0 75.96611778075948,27.27435016394013,0 75.96608768181322,27.27451542232745,0 75.96605074360629,27.27467957060522,0 75.9660070176846,27.27484238091992,0 75.96595656372377,27.27500363077752,0 75.96589945150305,27.27516309761332,0 75.96583575991861,27.27532056150708,0 75.96576557598135,27.27547580609271,0 75.96568899582726,27.27562861855143,0 75.96560612470201,27.27577878780632,0 75.96551707798689,27.27592610632092,0 75.96534576511522,27.27619737026339,0 75.96524817440525,27.27634525400673,0 75.96514436067086,27.27648971496003,0 75.96503447262238,27.27663054354907,0 75.9649186711426,27.2767675355318,0 75.96479712223081,27.27690049385264,0 75.96467000203067,27.27702922589954,0 75.96453749482537,27.27715354532358,0 75.9643997930299,27.27727327113622,0 75.96425709318119,27.27738823134813,0 75.96410960500707,27.27749826019853,0 75.96395754029777,27.27760319642649,0 75.96380111801963,27.27770289045776,0 75.96364056626533,27.27779719626679,0 75.9634761172649,27.27788597863304,0 75.96330800734663,27.27796910862779,0 75.96313648200395,27.27804646538467,0 75.96296178681837,27.27811793796787,0 75.96278417652847,27.2781834226015,0 75.96260390696321,27.2782428245307,0 75.96242124009298,27.27829605798695,0 75.96163599132272,27.27851021774722,0 75.96146119356547,27.27855483419739,0 75.96128471232581,27.27859380085718,0 75.96110677553759,27.2786270683082,0 75.96092761422098,27.27865459343117,0 75.96074746046949,27.27867634032253,0 75.9605665484679,27.27869228119029,0 75.95838211631993,27.2788493341072,0 75.95824728101597,27.27885740662614,0 75.95811225232792,27.27886225391153,0 75.95797712722263,27.27886387168763,0 75.9529086700578,27.27886387678755,0 75.95286321967731,27.27886369346367,0 75.95109282886213,27.27884941829479,0 75.95090804900438,27.2788449049201,0 75.95072357743696,27.27883435341213,0 75.95053966185301,27.27881777924079,0 75.95035654796322,27.27879520240456,0 75.94975631101393,27.27871117015262,0 75.94885694204116,27.27862250037731,0 75.94867366928058,27.27860148777302,0 75.94849138900895,27.27857444052675,0 75.94831035113765,27.27854139757154,0 75.94813080359494,27.27850240236893,0 75.94795298934858,27.27845750924827,0 75.94777715242913,27.27840677885221,0 75.94760353189095,27.27835028088573,0 75.94743236583788,27.27828809228343,0 75.94629982200691,27.27838603727002,0 75.94613791740348,27.278397693621,0 75.94597567628246,27.27840469295828,0 75.94581326732595,27.27840702782066,0 75.94350350501252,27.27840703112101,0 75.94207688162781,27.2784302307814,0</coordinates></LinearRing></outerBoundaryIs>
        </Polygon>
      </MultiGeometry>
    </Placemark>
  </Folder>
  <Style id="PolyStyle00">
    <LabelStyle>
      <color>00000000</color>
      <scale>0.000000</scale>
    </LabelStyle>
    <LineStyle>
      <color>ff6e6e6e</color>
      <width>0.400000</width>
    </LineStyle>
    <PolyStyle>
      <color>ffd0f2c9</color>
      <outline>1</outline>
    </PolyStyle>
  </Style>
</Document>
</kml>